"conversation_id_str","created_at","favorite_count","full_text","id_str","image_url","in_reply_to_screen_name","lang","location","quote_count","reply_count","retweet_count","tweet_url","user_id_str","username"
"1815278515534893067","Mon Jul 22 06:51:39 +0000 2024","1728","At Narcissism!! #JAEMIN_NARCISSISM https://t.co/6VBGEoSQhO","1815278515534893067","https://pbs.twimg.com/media/GTEqL51a8AAn4-D.jpg","","tl","","14","0","96","https://x.com/97prinkless/status/1815278515534893067","1344305336618872833","97prinkless"
"1813012467787964484","Tue Jul 16 00:47:11 +0000 2024","1633","day 18 narcissism by photographer jaemin leggo ! ï¸ PHOTOGRAPHER JAEMIN 1ST EXHIBITION #JAEMIN_NARCISSISM #ì¬ë¯¼ì‘ê°€ë‹˜_ë‚˜ë¥´ì‹œì‹œì¦˜_ê¸°ëŒ€ëœë‹¹í› @NA_RCISSISM_ https://t.co/dIw6GAx6PR","1813012467787964484","https://pbs.twimg.com/media/GSkdOztaIAAWjGl.jpg","","en","shopee recommendation : ","4","201","585","https://x.com/jungshasa/status/1813012467787964484","1307622859968110594","jungshasa"
"1814144401968693454","Fri Jul 19 03:45:05 +0000 2024","1359","[] 240719 | NARCISSISM x ITZAVIBE via Musinsa Global Instagram Post #JAEMIN #ì¬ë¯¼ #JAEMIN_NARCISSISM https://t.co/Ca5CBmun9u","1814144401968693454","https://pbs.twimg.com/media/GS0ituSbUAAdXj3.jpg","","ca","","37","0","1305","https://x.com/813UPDATES/status/1814144401968693454","846967939374989315","813UPDATES"
"1806866623137292702","Sat Jun 29 01:45:47 +0000 2024","1423","ì¬ë¯¼ì´ ì‚¬ì§„ì „ #JAEMIN_NARCISSISM #NARCISSISM https://t.co/THRbdwQyBc","1806866623137292702","https://pbs.twimg.com/media/GRNHmjla0AAKNht.jpg","","ko","ì¬ë¯¼ ì œë…¸ ì¼ì  ","37","0","998","https://x.com/jamong1323/status/1806866623137292702","1422887886010019845","jamong1323"
"1815022998551924903","Sun Jul 21 13:56:19 +0000 2024","6047","-JAEMIN bakal milih frame yg bagus di narcissism untuk dijual trus semua hasilnya bakal di donasi; dan dia udah dapet izin dari DREAMIES buat ini. jadi donasi ini bakal dari JAEMIN DREAM dan sijeuni pict ctto https://t.co/Uexld5nchK","1815022998551924903","https://pbs.twimg.com/media/GTBBzAwbMAAdbwH.jpg","","in","","261","94","1506","https://x.com/NCTDreamINA/status/1815022998551924903","1255464612058849280","NCTDreamINA"
"1813567353910919674","Wed Jul 17 13:32:06 +0000 2024","495","ğˆï¸ğŒğ ğ–¥” â‚ŠËš ×„ Ì²Ì ×…~ â‚Š Ëš ğ–§§ #JAEMIN_NARCISSISM https://t.co/rCLLtQBnDj","1813567353910919674","https://pbs.twimg.com/media/GSsV46KbwAAz6Za.jpg","","und","","2","0","213","https://x.com/miraesyii/status/1813567353910919674","1391306053871046659","miraesyii"
"1813592886807806387","Wed Jul 17 15:13:33 +0000 2024","1846","#JAEMIN_NARCISSISM #JAEMIN #ì¬ë¯¼ pick up https://t.co/sDvyVCdhNk","1813592886807806387","https://pbs.twimg.com/media/GSstG-jbQAANNh3.jpg","","en","for ğŸ°/ğŸ±ğŸŒ™âœ¨ğŸŒŸ","11","0","1352","https://x.com/Mingocken/status/1813592886807806387","1588309368680124416","Mingocken"
"1808697085291811302","Thu Jul 04 02:59:23 +0000 2024","2679","ì •ìš°ì› ì‘ê°€ë‹˜ ì¸ìŠ¤íƒ€ ì¬ë¯¼ì´ NCT NA JAEMIN x WON / Won s kinetic mirror x Jaemin s handwriting / NARCISSISM exhibition at cccs ìê¸°ì• (è‡ªå·±æ„› self-love) - ê±°ìš¸ì€ ë˜ í•˜ë‚˜ì˜ ë‚˜ ë¥¼ ë§Œë“¤ì–´ ë‚¸ë‹¤. ê·¸ë ‡ê²Œ ë‚´ ì•ì— ì¡´ì¬í•˜ëŠ” ë˜ ë‹¤ë¥¸ ë‚˜ ëŠ” ì–´ìƒ‰í•¨ê³¼ ìµìˆ™í•¨ ê·¸ ì„ì´ì§€ ëª»í•˜ëŠ” ë³µì¡í•œ https://t.co/DBxlYIHRZZ","1808697085291811302","https://pbs.twimg.com/amplify_video_thumb/1808697033072783360/img/ToWvXapCUNcsMdqk.jpg","","ko","ì¬ë¯¼ ì œë…¸ ì¼ì  ","23","0","1728","https://x.com/jamong1323/status/1808697085291811302","1422887886010019845","jamong1323"
"1814144463180312989","Fri Jul 19 03:45:19 +0000 2024","1049","[] 240719 | NARCISSISM x ITZAVIBE via Musinsa Global Instagram Post #JAEMIN #ì¬ë¯¼ #JAEMIN_NARCISSISM https://t.co/kWjNRgH4BP","1814144463180312989","https://pbs.twimg.com/media/GS0ixMCaYAA5JrD.jpg","","ca","","8","0","918","https://x.com/813UPDATES/status/1814144463180312989","846967939374989315","813UPDATES"
"1811403015879893469","Thu Jul 11 14:11:47 +0000 2024","10165","240711 NARCISSISM PRE ë„ˆë¬´ ê³ ë§™ê³  ê³ ìƒë§ì•˜ì–´ #ì¬ë¯¼ #JAEMIN #NCTDREAM https://t.co/QSNPWD6fk3","1811403015879893469","https://pbs.twimg.com/media/GSNlbhuaUAAfLxT.jpg","","ko","â™¥ï¸ for JAEMIN.","108","0","4075","https://x.com/NANA_lavida/status/1811403015879893469","1471498053035036678","NANA_lavida"
"1811369222456623427","Thu Jul 11 11:57:30 +0000 2024","9054","240711 NARCISSISM PRE ì˜¤ëŠ˜ ë„˜ ê·€ì—½ê³  ì˜ˆì˜ê³  ì‚¬ë‘ìŠ¤ëŸ½ë‹¹ ã…  #ì¬ë¯¼ #JAEMIN #NCTDREAM https://t.co/vvTnoLwowk","1811369222456623427","https://pbs.twimg.com/media/GSNGsdoboAANyol.jpg","","ko","â™¥ï¸ for JAEMIN.","88","0","4066","https://x.com/NANA_lavida/status/1811369222456623427","1471498053035036678","NANA_lavida"
"1812877495651434860","Mon Jul 15 15:50:51 +0000 2024","7265","nct! AAAA NARCISSISM DIPERPANJANG GESSS SAMPE AKHIR JULY + ADA 2ND ROUND MD JAEMIN KEREN BANGET WOIIIII https://t.co/m8ZYDhzSai","1812877495651434860","https://pbs.twimg.com/media/GSiieVHaMAAuyeP.jpg","","in","SEND MF:","103","79","776","https://x.com/nct_menfess/status/1812877495651434860","1275010241017462784","nct_menfess"
"1811303211321758123","Thu Jul 11 07:35:12 +0000 2024","96679",":Â¨Â·.Â·Â¨: `Â·. É´á´€Ê€á´„ÉªssÉªsá´ Â°*ï¾Ÿ #JAEMIN #ì¬ë¯¼ #NARCISSISM #JAEMIN_NARCISSISM #NCT #NCTDREAM https://t.co/ejzbBPDXUC","1811303211321758123","https://pbs.twimg.com/media/GSMKqZsawAA1hA3.jpg","","und","","3731","1529","47494","https://x.com/NCTsmtown_DREAM/status/1811303211321758123","870188817537355776","NCTsmtown_DREAM"
"1813763315438629007","Thu Jul 18 02:30:47 +0000 2024","3069","Jaemin s photocard for narcissism merch on musinsa! https://t.co/xOtve0CMAH","1813763315438629007","https://pbs.twimg.com/media/GSvIH0gbIAAMsJu.jpg","","en","ğŸ”• | archives in â™¡ ","192","1","729","https://x.com/archivesnjm/status/1813763315438629007","1453225309352955913","archivesnjm"
"1815168880752591208","Sun Jul 21 23:36:00 +0000 2024","7183"," NARCISSISM&amp;ITZAVIBE(ITZ*) í˜‘ì—…ì œí’ˆ ë°œë§¤ 24. 7. 22(MON) 12:00 KST ì§€ê¸ˆ ë‚´ê¸°ë¶„ì„ ë§í•˜ëŠ” IT'S A VIBE ì†Œë¦¬ ê·¸ëŒ€ë¡œ ììœ ë¡œìš´ í‘œí˜„ê³¼ ì¿¨í•œ ì—í‹°íŠœë“œë¥¼ ë‹´ì€ ë¸Œëœë“œ ITZAVIBEì™€ NCT ì¬ë¯¼ì˜ ì²«ë²ˆì§¸ ì „ì‹œ 'NARCISSISM-by jaemin' ê°€ í˜‘ì—…ì œí’ˆì„ ì¶œì‹œí•©ë‹ˆë‹¤. ë§¤ ì‹œì¦Œ ë‹¤ì–‘í•œ ë°”ì´ë¸Œë¡œë¶€í„° https://t.co/BN0u4IGu0W","1815168880752591208","https://pbs.twimg.com/media/GTDGeIwakAA4RGm.jpg","","ko","https://maps.app.goo.gl/LiB6vH","831","296","6654","https://x.com/ITZAVIBE_kr/status/1815168880752591208","1562971923973230592","ITZAVIBE_kr"
"1813413118057312444","Wed Jul 17 03:19:13 +0000 2024","1778","THIS IS SO CUTE It s a NEED! PHOTOGRAPHER JAEMIN 1ST EXHIBITION #JAEMIN_NARCISSISM #ì¬ë¯¼ì‘ê°€ë‹˜_ë‚˜ë¥´ì‹œì‹œì¦˜_ê¸°ëŒ€ëœë‹¹í› @NA_RCISSISM_ https://t.co/v2inBHp3FD","1813413118057312444","https://pbs.twimg.com/media/GSqJnXNa4AAzEBg.jpg","","en","","79","54","868","https://x.com/hourlyjaeminn/status/1813413118057312444","1546116204582125568","hourlyjaeminn"
"1815318978857951475","Mon Jul 22 09:32:26 +0000 2024","308","the reason why I love you so muchï¸ #JISUNG #ãƒã‚½ãƒ³ #ì§€ì„± #JAEMIN_NARCISSISM #NARCISSISM https://t.co/Skn54h3JT8","1815318978857951475","https://pbs.twimg.com/media/GTFO-5faIAA5a95.jpg","","en","æ—¥æœ¬ğŸ‡¯ğŸ‡µ","2","15","19","https://x.com/bblanna_/status/1815318978857951475","1153835102406758400","bblanna_"
"1813178964091019574","Tue Jul 16 11:48:46 +0000 2024","231","#JAEMIN_NARCISSISM https://t.co/e3LIRbQQyX","1813178964091019574","https://pbs.twimg.com/media/GSm0okebcAAyiR2.jpg","","qme","","1","1","61","https://x.com/hsfshc/status/1813178964091019574","1109989012754718720","hsfshc"
"1814552562877800841","Sat Jul 20 06:46:58 +0000 2024","321","I ï¸ narcissism(+jaemin) https://t.co/LPFCfTLW1O","1814552562877800841","https://pbs.twimg.com/media/GS6V7lVaoAAI137.jpg","","en","goodbye summer","1","0","156","https://x.com/meraki_sr/status/1814552562877800841","1238728141410975749","meraki_sr"
"1813423053851738524","Wed Jul 17 03:58:42 +0000 2024","1893","&lt;NARCISSISM&gt; has the prettiest MDs ever PHOTOGRAPHER JAEMIN 1ST EXHIBITION #JAEMIN_NARCISSISM #ì¬ë¯¼ì‘ê°€ë‹˜_ë‚˜ë¥´ì‹œì‹œì¦˜_ê¸°ëŒ€ëœë‹¹í› @NA_RCISSISM_ https://t.co/vsGTdYJHqw","1813423053851738524","https://pbs.twimg.com/media/GSqSpS3bMAALQt4.jpg","","en","","25","88","1000","https://x.com/hourlyjaeminn/status/1813423053851738524","1546116204582125568","hourlyjaeminn"
"1806866342601257447","Sat Jun 29 01:44:40 +0000 2024","8062","ë©‹ì§€ë‹¤ ì œë…¸ì•¼ã€°ï¸ ì¬ë¯¼ì´ ë§ëŒ€ë¡œ ì œë…¸ ì‚¬ì§„ì´ ì—„ì²­ ë§ì•„ #JAEMIN_NARCISSISM #NARCISSISM https://t.co/51JU3nAKtd","1806866342601257447","https://pbs.twimg.com/media/GRNHXDoa0AAP--B.jpg","","ko","Ë„à´® Ì« à´®Ë„ â™¡ á¢.ÖŠ Ì« ÖŠá¢ / ì˜í†µì€ í•˜ì´ë¼ì´íŠ¸","93","5","4683","https://x.com/_NoLee/status/1806866342601257447","1295894024725778433","_NoLee"
"1806864639965499648","Sat Jun 29 01:37:54 +0000 2024","5443","#JAEMIN_NARCISSISM https://t.co/4DwEDSB7Bu","1806864639965499648","https://pbs.twimg.com/media/GRNFuEcbMAA3eLy.jpg","","qme","","96","0","2965","https://x.com/toxxluv/status/1806864639965499648","1732395025881841664","toxxluv"
"1806865755256094819","Sat Jun 29 01:42:20 +0000 2024","1913","haechan from jaemin s 1st exhibition narcissism congrats and thank you to na jaemin for taking the best pics of haechan and dreamies. ğ–¦¹ â‹†ï½¡Â° https://t.co/y4RRem2tml","1806865755256094819","https://pbs.twimg.com/media/GRNG0y2awAA_kJy.jpg","","en","í•´ì°¬ ","22","1","631","https://x.com/haecful/status/1806865755256094819","425761010","haecful"
"1806864869989421090","Sat Jun 29 01:38:49 +0000 2024","3569","ì¬ë¯¼ì´ ì‚¬ì§„ë„ ìˆì›€ã…œã…œ #JAEMIN_NARCISSISM #ì¬ë¯¼ì‘ê°€ë‹˜_ë‚˜ë¥´ì‹œì‹œì¦˜_ê¸°ëŒ€ëœë‹¹í› @NA_RCISSISM_ https://t.co/CF16JLrh8K","1806864869989421090","https://pbs.twimg.com/media/GRNF_p2bMAE_k9W.jpg","","ko","ë§ˆí¬ ì¬ë¯¼ ë­‰í´ì¦ˆ","31","0","1862","https://x.com/2liter_886/status/1806864869989421090","1565424550690848768","2liter_886"
"1806866112648499571","Sat Jun 29 01:43:45 +0000 2024","148","jisung and jeno dream in wonderland 2020 photographer na jaemin #JAEMIN_NARCISSISM https://t.co/Agep8U2IZd","1806866112648499571","https://pbs.twimg.com/media/GRNHJ0UasAAnVP_.jpg","","en","gwenã…£20+ã…£she/herã…£asteroid","1","1","47","https://x.com/pxrkjisungs/status/1806866112648499571","822653875966644224","pxrkjisungs"
"1806866578140697053","Sat Jun 29 01:45:36 +0000 2024","460","Pretty boy JAEMIN PHOTOGRAPHER DEBUT #JAEMIN_NARCISSISM #ì¬ë¯¼ì‘ê°€ë‹˜_ë‚˜ë¥´ì‹œì‹œì¦˜_ê¸°ëŒ€ëœë‹¹í› @NA_RCISSISM_ https://t.co/ZKvUf5k4SY","1806866578140697053","https://pbs.twimg.com/media/GRNHkYDbMAAbT4p.jpg","","en","","7","1","309","https://x.com/hourlyjaeminn/status/1806866578140697053","1546116204582125568","hourlyjaeminn"
"1806866050681798994","Sat Jun 29 01:43:31 +0000 2024","522","GIVEAWAY Card Cover Sticker by Narcissism Na Jaemin rules: follow akun aku (mutual hayuuu) rt and like pls komen mau memb siapa dan kenapa mau end: 1 Juli Jam 20.00 aku pick jam 9nya tag. wts wtt wtb giveaway nctdream najaemin Narcissism https://t.co/SovOEH45Kh","1806866050681798994","https://pbs.twimg.com/media/GRNHGQ4a4AAC6yS.jpg","","in","","3","345","366","https://x.com/jisungmaizena/status/1806866050681798994","1348276352147836928","jisungmaizena"
"1806866465405960492","Sat Jun 29 01:45:09 +0000 2024","4","LA ENTRADA PARA NARCISSISM JAEMIN PHOTOGRAPHER DEBUT #JAEMIN_NARCISSISM #ì¬ë¯¼ì‘ê°€ë‹˜_ë‚˜ë¥´ì‹œì‹œì¦˜_ê¸°ëŒ€ëœë‹¹í› @NA_RCISSISM_ https://t.co/PngJnB0Ch3","1806866465405960492","https://pbs.twimg.com/media/GRNHeZ2W4AAsmdv.jpg","","ca","","0","0","0","https://x.com/wangnomin/status/1806866465405960492","1888486153","wangnomin"
"1806865994062959036","Sat Jun 29 01:43:17 +0000 2024","16","today is the day! Congratulation Photographer Na Jaemin we are so proud of you á¯“ JAEMIN PHOTOGRAPHER DEBUT #JAEMIN_NARCISSISM #ì¬ë¯¼ì‘ê°€ë‹˜_ë‚˜ë¥´ì‹œì‹œì¦˜_ê¸°ëŒ€ëœë‹¹í› @NA_RCISSISM_ https://t.co/3TCq212DPy","1806865994062959036","https://pbs.twimg.com/media/GRNHBGkbsAAeW4d.jpg","","en","ğ¬ğ¡ğ/ğ¡ğğ«","0","14","7","https://x.com/marklopsemangka/status/1806865994062959036","843358150422016001","marklopsemangka"
"1806865221702893922","Sat Jun 29 01:40:13 +0000 2024","1","JAEMIN PHOTOGRAPHER DEBUT #JAEMIN_NARCISSISM #ì¬ë¯¼ì‘ê°€ë‹˜_ë‚˜ë¥´ì‹œì‹œì¦˜_ê¸°ëŒ€ëœë‹¹í› @NA_RCISSISM_ https://t.co/XLomugjYoH","1806865221702893922","https://pbs.twimg.com/media/GRNGVpRbMAARtZi.jpg","","en","","0","0","0","https://x.com/nfjmniee_/status/1806865221702893922","1597550896325353472","nfjmniee_"
"1806866429154844813","Sat Jun 29 01:45:01 +0000 2024","1","JAEMIN PHOTOGRAPHER DEBUT #JAEMIN_NARCISSISM #ì¬ë¯¼ì‘ê°€ë‹˜_ë‚˜ë¥´ì‹œì‹œì¦˜_ê¸°ëŒ€ëœë‹¹í› @NA_RCISSISM_ https://t.co/wBCjuH7gyK","1806866429154844813","https://pbs.twimg.com/media/GRNHb9jbYAA2atc.jpg","","en","0306","0","1","0","https://x.com/mysamocat/status/1806866429154844813","1149166294719057921","mysamocat"
"1806865694342180985","Sat Jun 29 01:42:06 +0000 2024","0","YOROBUNNN!!! TODAY IS NARCISSISM DAY JAEMIN PHOTOGRAPHER DEBUT #JAEMIN_NARCISSISM #ì¬ë¯¼ì‘ê°€ë‹˜_ë‚˜ë¥´ì‹œì‹œì¦˜_ê¸°ëŒ€ëœë‹¹í› @NA_RCISSISM_ https://t.co/xdVvIJqTZI","1806865694342180985","https://pbs.twimg.com/media/GRNGwzsa8AAvNmX.jpg","","en","Seoul, Korea","0","0","0","https://x.com/bbloomingdaisy/status/1806865694342180985","1216552470228258816","bbloomingdaisy"
"1806866548419883310","Sat Jun 29 01:45:29 +0000 2024","0","JAEMIN PHOTOGRAPHER DEBUT #JAEMIN_NARCISSISM #ì¬ë¯¼ì‘ê°€ë‹˜_ë‚˜ë¥´ì‹œì‹œì¦˜_ê¸°ëŒ€ëœë‹¹í› @NA_RCISSISM_ https://t.co/FvGz5CJCeV","1806866548419883310","https://pbs.twimg.com/media/GRNHjCtacAAlwzS.jpg","","en","ì—ë¦¬. ë“œí”„.","0","0","0","https://x.com/jenomyeonie/status/1806866548419883310","919496780349259776","jenomyeonie"
"1806866528064725207","Sat Jun 29 01:45:24 +0000 2024","1","our pretty photographer na #NARCISSISM #JAEMIN_NARCISSISM https://t.co/jja7LLnOxU","1806866528064725207","https://pbs.twimg.com/media/GRNHh5vX0AAc_Hn.jpg","","en","","0","0","4","https://x.com/jaemthink/status/1806866528064725207","1338511019258372097","jaemthink"
"1806865125791666386","Sat Jun 29 01:39:50 +0000 2024","0","pretty jaem JAEMIN PHOTOGRAPHER DEBUT #JAEMIN_NARCISSISM #ì¬ë¯¼ì‘ê°€ë‹˜_ë‚˜ë¥´ì‹œì‹œì¦˜_ê¸°ëŒ€ëœë‹¹í› @NA_RCISSISM_ https://t.co/FPrZvola9u","1806865125791666386","https://pbs.twimg.com/media/GRNGQZ5aAAAG-fb.jpg","","en","â—• á´— â—• ğ™šâ‹†ËšâŠ¹â™¡","0","0","0","https://x.com/bbulvnana/status/1806865125791666386","1247150830278430721","bbulvnana"
"1806865785794802061","Sat Jun 29 01:42:27 +0000 2024","0","my boyyy I really proud of you (à²¥ï¹à²¥) JAEMIN PHOTOGRAPHER DEBUT #JAEMIN_NARCISSISM #ì¬ë¯¼ì‘ê°€ë‹˜_ë‚˜ë¥´ì‹œì‹œì¦˜_ê¸°ëŒ€ëœë‹¹í› https://t.co/lNpOCctQOf","1806865785794802061","https://pbs.twimg.com/media/GRNG2V8bIAAdUAJ.jpg","","en","ë„ì  -í”¼ì¼â™¡","0","0","0","https://x.com/_junechu/status/1806865785794802061","1393959411865903107","_junechu"
"1806865306314281032","Sat Jun 29 01:40:33 +0000 2024","0","CANTIK BANGETTT JAEMIN PHOTOGRAPHER DEBUT #JAEMIN_NARCISSISM #ì¬ë¯¼ì‘ê°€ë‹˜_ë‚˜ë¥´ì‹œì‹œì¦˜_ê¸°ëŒ€ëœë‹¹í› @NA_RCISSISM_ https://t.co/SzDFydwY0u","1806865306314281032","https://pbs.twimg.com/media/GRNGWeubwAAVX0c.jpg","","in","O7 ğŸŒŸ","0","0","0","https://x.com/pr66ties/status/1806865306314281032","1444654165301469188","pr66ties"
"1806866196572332122","Sat Jun 29 01:44:05 +0000 2024","0","d dayy congratsss sayang JAEMIN PHOTOGRAPHER DEBUT #JAEMIN_NARCISSISM #ì¬ë¯¼ì‘ê°€ë‹˜_ë‚˜ë¥´ì‹œì‹œì¦˜_ê¸°ëŒ€ëœë‹¹í› @NA_RCISSISM_ https://t.co/n8RmHmNhMR","1806866196572332122","https://pbs.twimg.com/media/GRNHOfTagAA-1Af.jpg","","en","0306","0","1","0","https://x.com/mysamocat/status/1806866196572332122","1149166294719057921","mysamocat"
"1806866036765163929","Sat Jun 29 01:43:27 +0000 2024","0","à¸‚à¸­à¹ƒà¸«à¹‰à¹€à¸›à¹‡à¸™à¸à¹‰à¸²à¸§à¹à¸£à¸à¸—à¸µà¹ˆà¸”à¸µ à¹à¸¥à¹‰à¸§à¸¡à¸µà¸à¹‰à¸²à¸§à¸•à¹ˆà¸­à¹†à¹„à¸›à¸­à¸µà¸à¹€à¸¢ à¸°à¹†à¹€à¸¥à¸¢à¸™à¸°à¸„à¸±à¸šà¸„à¸™à¹€à¸à¹ˆà¸‡à¸‚à¸­à¸‡à¸à¸§à¸à¹€à¸£à¸² à¸¢à¸±à¸‡à¸£à¸­ Narcissism à¸­à¸´à¸™ à¸šà¸µà¹€à¸„à¹€à¸„ à¸­à¸¢à¸¹à¹ˆà¸™à¸°à¸à¸µà¹ˆà¸™à¹‰à¸­à¸‡à¹à¸ˆà¸¡à¸´à¸™ JAEMIN PHOTOGRAPHER DEBUT #JAEMIN_NARCISSISM #ì¬ë¯¼ì‘ê°€ë‹˜_ë‚˜ë¥´ì‹œì‹œì¦˜_ê¸°ëŒ€ëœë‹¹í› @NA_RCISSISM_ https://t.co/gbgrzbZ9Ul","1806866036765163929","https://pbs.twimg.com/media/GRNHEyMaAAASnj8.jpg","","th","Thailand","0","0","0","https://x.com/0728Julzu/status/1806866036765163929","99530898","0728Julzu"
"1806865920587178192","Sat Jun 29 01:43:00 +0000 2024","13","So pretty JAEMIN PHOTOGRAPHER DEBUT #JAEMIN_NARCISSISM #ì¬ë¯¼ì‘ê°€ë‹˜_ë‚˜ë¥´ì‹œì‹œì¦˜_ê¸°ëŒ€ëœë‹¹í› @NA_RCISSISM_ https://t.co/8uQx6wxtxA","1806865920587178192","https://pbs.twimg.com/media/GRNG-pVbkAAWD5I.jpg","","en","Di rumah ","0","19","0","https://x.com/thIsYelln/status/1806865920587178192","1321369202163216387","thIsYelln"
"1806863615078887890","Sat Jun 29 01:33:50 +0000 2024","4422","ì•¼ìƒì˜ ê³°ì•„ì§€ê°€ ë‚˜íƒ€ë‚˜ë”° #JAEMIN_NARCISSISM #NARCISSISM https://t.co/6fBDtNpZU3","1806863615078887890","https://pbs.twimg.com/media/GRNE4Kza4AAhW6U.jpg","","ko","Ë„à´® Ì« à´®Ë„ â™¡ á¢.ÖŠ Ì« ÖŠá¢ / ì˜í†µì€ í•˜ì´ë¼ì´íŠ¸","11","0","2052","https://x.com/_NoLee/status/1806863615078887890","1295894024725778433","_NoLee"
"1806864101320311089","Sat Jun 29 01:35:46 +0000 2024","2906","í•˜ ì›ƒê²¨ ìˆœ. #JAEMIN_NARCISSISM #NARCISSISM https://t.co/n1ECc2XeHs","1806864101320311089","https://pbs.twimg.com/media/GRNFUl_bMAAjbrz.jpg","","ko","Ë„à´® Ì« à´®Ë„ â™¡ á¢.ÖŠ Ì« ÖŠá¢ / ì˜í†µì€ í•˜ì´ë¼ì´íŠ¸","75","1","1469","https://x.com/_NoLee/status/1806864101320311089","1295894024725778433","_NoLee"
"1806863782423199920","Sat Jun 29 01:34:30 +0000 2024","5649","ë§ˆí¬ë‘ í•´ì°¬ì´ íˆ¬ìƒ· ë„ìŠ¨íŠ¸ ì„¤ëª… ë„˜ ê·€ì—¬ì›€ã…‹ã…‹ã…‹ã…‹ #JAEMIN_NARCISSISM #ì¬ë¯¼ì‘ê°€ë‹˜_ë‚˜ë¥´ì‹œì‹œì¦˜_ê¸°ëŒ€ëœë‹¹í› @NA_RCISSISM_ https://t.co/QVN74tQT3I","1806863782423199920","https://pbs.twimg.com/media/GRNFAhra8AAyuRJ.jpg","","ko","ë§ˆí¬ ì¬ë¯¼ ë­‰í´ì¦ˆ","306","0","2781","https://x.com/2liter_886/status/1806863782423199920","1565424550690848768","2liter_886"
"1806864132140126697","Sat Jun 29 01:35:53 +0000 2024","3503","Mark from NARCISSISM : Jaemin 1st PHOTO EXHIBITION Cr @.Hamstalt__ https://t.co/4zFkkbup4O","1806864132140126697","https://pbs.twimg.com/amplify_video_thumb/1806864071872135168/img/6IpHy9pXAGnFsyIT.jpg","","en","í•´ì°¬ ë§ˆí¬ ë§ ë™ rps","29","2","1152","https://x.com/mybelovesun/status/1806864132140126697","1551031700586606593","mybelovesun"
"1806863250518122660","Sat Jun 29 01:32:23 +0000 2024","1383","NARCISSISM - jaemin https://t.co/sOMWtVyRwZ","1806863250518122660","https://pbs.twimg.com/media/GRNEjDCWoAAXzyS.jpg","","en","21 (she/her)","28","0","836","https://x.com/njmhae/status/1806863250518122660","1401751738756050949","njmhae"
"1806863419947303400","Sat Jun 29 01:33:03 +0000 2024","2263","Wow... jaemin so pretty JAEMIN PHOTOGRAPHER DEBUT #JAEMIN_NARCISSISM #ì¬ë¯¼ì‘ê°€ë‹˜_ë‚˜ë¥´ì‹œì‹œì¦˜_ê¸°ëŒ€ëœë‹¹í› @NA_RCISSISM_ https://t.co/Lk0knz5an2","1806863419947303400","https://pbs.twimg.com/media/GRNEtG4aQAAZ7KK.jpg","","en","eng/ina","42","357","1041","https://x.com/njmprotects/status/1806863419947303400","1566983171316776960","njmprotects"
"1806864402517561801","Sat Jun 29 01:36:58 +0000 2024","606","Congratulations Photographer Jaemin! Words can t describe how proud I am to be your fan. My baby my pride love you Nanaï¸. JAEMIN PHOTOGRAPHER DEBUT #JAEMIN_NARCISSISM #ì¬ë¯¼ì‘ê°€ë‹˜_ë‚˜ë¥´ì‹œì‹œì¦˜_ê¸°ëŒ€ëœë‹¹í› @NA_RCISSISM_ https://t.co/FueTaZB9BO","1806864402517561801","https://pbs.twimg.com/media/GRNFmGGakAAW5zy.jpg","","en","","1","98","242","https://x.com/nomin1stt/status/1806864402517561801","1533290509883822081","nomin1stt"
"1806864282069680157","Sat Jun 29 01:36:29 +0000 2024","69","240629 #jaemin 1st exhibition narcissism day 1 cr. _NoLee Jaemin Jeno JAEMIN PHOTOGRAPHER DEBUT #JAEMIN_NARCISSISM #ì¬ë¯¼ì‘ê°€ë‹˜_ë‚˜ë¥´ì‹œì‹œì¦˜_ê¸°ëŒ€ëœë‹¹í› @NA_RCISSISM_ https://t.co/Gwiza1pG1i","1806864282069680157","https://pbs.twimg.com/media/GRNFfLoawAEj-Kw.jpg","","en","","1","0","15","https://x.com/justdoitjj/status/1806864282069680157","1249611043988312064","justdoitjj"
"1806864204244177134","Sat Jun 29 01:36:10 +0000 2024","119","All look at jaemin's creativity in taking pictures and combining them with dreamies is videos! Jaemin has taken pictures of the dreamies with all skill every time the photographer jaemin amazes us with his work that I am proud of him #JAEMIN_NARCISSISM https://t.co/EUYPOhSwLv","1806864204244177134","","","en","","0","1","50","https://x.com/dailyjaeminn_/status/1806864204244177134","1792967791382786048","dailyjaeminn_"
"1806864248947270109","Sat Jun 29 01:36:21 +0000 2024","69","JAEMIN PHOTOGRAPHER DEBUT #JAEMIN_NARCISSISM #ì¬ë¯¼ì‘ê°€ë‹˜_ë‚˜ë¥´ì‹œì‹œì¦˜_ê¸°ëŒ€ëœë‹¹í› @NA_RCISSISM_ https://t.co/G7kcNcbaB4","1806864248947270109","https://pbs.twimg.com/media/GRNFdMOaYAADaZL.jpg","","en","she/they | ğŸ‡µğŸ‡­ğŸ‡¦ğŸ‡º| ğŸŒ™âœ¨ğŸŒŸâ€™00","1","1","42","https://x.com/jaemvely/status/1806864248947270109","1693321592","jaemvely"
"1806862743770685921","Sat Jun 29 01:30:22 +0000 2024","52"," I exist as a personal self 'Na Jaemin' and as an artist. #JAEMIN_NARCISSISM https://t.co/2FHIkjZnTM","1806862743770685921","https://pbs.twimg.com/media/GRNEFqIXwAArHep.jpg","","en","","0","0","24","https://x.com/jaemthink/status/1806862743770685921","1338511019258372097","jaemthink"
"1806864576400744874","Sat Jun 29 01:37:39 +0000 2024","58","Drop JAEMIN PHOTOGRAPHER DEBUT #JAEMIN_NARCISSISM #ì¬ë¯¼ì‘ê°€ë‹˜_ë‚˜ë¥´ì‹œì‹œì¦˜_ê¸°ëŒ€ëœë‹¹í› @NA_RCISSISM_ https://t.co/o0zdCe1yKO","1806864576400744874","https://pbs.twimg.com/media/GRNFwZCagAALnSi.jpg","","en","NSFW, MPREG, BXBğŸ³â€ğŸŒˆ","0","56","10","https://x.com/jenjaemarea/status/1806864576400744874","1500477044961910791","jenjaemarea"
"1806864238767755417","Sat Jun 29 01:36:19 +0000 2024","363","à¸ à¸²à¸à¸—à¸µà¹ˆà¸„à¹ˆà¸­à¸¢ à¹† à¹€à¸¥à¸·à¹ˆà¸­à¸™à¹„à¸› à¹€à¸«à¸¡à¸·à¸­à¸™à¸—à¸³à¹ƒà¸«à¹‰à¹€à¸£à¸²à¹„à¸”à¹‰à¸¢à¹‰à¸­à¸™à¸„à¸§à¸²à¸¡à¸—à¸£à¸‡à¸ˆà¸³à¹„à¸›à¸à¸±à¸šà¹à¸ˆà¸¡à¸´à¸™à¹€à¸¥à¸¢à¸­à¸° .. à¸”à¸µà¸¡à¸²à¸ à¹† à¹€à¸¥à¸¢ â­ï¸ JAEMIN PHOTOGRAPHER DEBUT #JAEMIN_NARCISISSM #ì¬ë¯¼ì‘ê°€ë‹˜_ë‚˜ë¥´ì‹œì‹œì¦˜_ê¸°ëŒ€ëœë‹¹í› @NA_RCISSISM_ https://t.co/ZdxmwXK4qR","1806864238767755417","","","th","i â™¥ï¸ jm","0","6","937","https://x.com/jmismybabe/status/1806864238767755417","784361982623223808","jmismybabe"
"1806863984383152409","Sat Jun 29 01:35:18 +0000 2024","9","JAEMIN PHOTOGRAPHER DEBUT ï¸ #JAEMIN_NARCISSISM #ì¬ë¯¼ì‘ê°€ë‹˜_ë‚˜ë¥´ì‹œì‹œì¦˜_ê¸°ëŒ€ëœë‹¹í› @NA_RCISSISM_ https://t.co/KoXoCWZ2cs","1806863984383152409","https://pbs.twimg.com/media/GRNFN1gaUAAt0cv.jpg","","en","ğŸ”","0","1","0","https://x.com/dilararindu/status/1806863984383152409","1559156399497629696","dilararindu"
"1806863863981465618","Sat Jun 29 01:34:49 +0000 2024","0","Sukses dan lancar semuanya sayang JAEMIN PHOTOGRAPHER DEBUT #JAEMIN_NARCISSISM #ì¬ë¯¼ì‘ê°€ë‹˜_ë‚˜ë¥´ì‹œì‹œì¦˜_ê¸°ëŒ€ëœë‹¹í› @NA_RCISSISM_ https://t.co/fkawqVC17q","1806863863981465618","https://pbs.twimg.com/media/GRNFGntbsAAUiGw.jpg","","in","","0","0","0","https://x.com/kkuraa_/status/1806863863981465618","1369161459519746055","kkuraa_"
"1806864247491899561","Sat Jun 29 01:36:21 +0000 2024","0","NARCISSISM CORE ï¸ #JAEMIN_NARCISSISM #ì¬ë¯¼ì‘ê°€ë‹˜_ë‚˜ë¥´ì‹œì‹œì¦˜_ê¸°ëŒ€ëœë‹¹í› @NA_RCISSISM_ https://t.co/4RGLm0rrQM","1806864247491899561","https://pbs.twimg.com/media/GRNFcs7b0AAf1EZ.jpg","","pt","Indonesia","0","0","0","https://x.com/jjjaenlin/status/1806864247491899561","1137742357699354624","jjjaenlin"
"1806862795897708932","Sat Jun 29 01:30:35 +0000 2024","2","you did it jaeminn i'm soOoo proud of you JAEMIN PHOTOGRAPHER DEBUT #JAEMIN_NARCISSISM #ì¬ë¯¼ì‘ê°€ë‹˜_ë‚˜ë¥´ì‹œì‹œì¦˜_ê¸°ëŒ€ëœë‹¹í› @NA_RCISSISM_ https://t.co/gt1UPNKVV1","1806862795897708932","https://pbs.twimg.com/media/GRNEIsNbMAACVkc.jpg","","en","7DreAm?! â”€â”€ âœ®â‹†Ë™.áŸ","0","1","1","https://x.com/najaemcutie/status/1806862795897708932","1266909762479767552","najaemcutie"
"1806864492221075485","Sat Jun 29 01:37:19 +0000 2024","0","JAEMIN PHOTOGRAPHER DEBUT #JAEMIN_NARCISSISM #ì¬ë¯¼ì‘ê°€ë‹˜_ë‚˜ë¥´ì‹œì‹œì¦˜_ê¸°ëŒ€ëœë‹¹í› @NA_RCISSISM_ https://t.co/p00XoCh9Se","1806864492221075485","https://pbs.twimg.com/media/GRNFrhTbQAAyAHK.jpg","","en","","0","0","0","https://x.com/OnyourNa_0813/status/1806864492221075485","1343681766184251392","OnyourNa_0813"
"1806864590359429525","Sat Jun 29 01:37:42 +0000 2024","0","JAEMIN PHOTOGRAPHER DEBUT #JAEMIN_NARCISSISM #ì¬ë¯¼ì‘ê°€ë‹˜_ë‚˜ë¥´ì‹œì‹œì¦˜_ê¸°ëŒ€ëœë‹¹í› @NA_RCISSISM_ https://t.co/oPIqDbaEBG","1806864590359429525","https://pbs.twimg.com/media/GRNFwsVbAAAf5BL.jpg","","en","","0","0","0","https://x.com/jaemincimool/status/1806864590359429525","1369936102434349058","jaemincimool"
"1806863401739772025","Sat Jun 29 01:32:59 +0000 2024","0","u did it naaa! keren bangetttt proud of youu sayangkuu JAEMIN PHOTOGRAPHER DEBUT #JAEMIN_NARCISSISM #ì¬ë¯¼ì‘ê°€ë‹˜_ë‚˜ë¥´ì‹œì‹œì¦˜_ê¸°ëŒ€ëœë‹¹í› @NA_RCISSISM_ https://t.co/1VeUzScEIv","1806863401739772025","https://pbs.twimg.com/media/GRNEsAmaMAE_okU.jpg","","in","O7 ğŸŒŸ","0","0","0","https://x.com/pr66ties/status/1806863401739772025","1444654165301469188","pr66ties"
"1806861775922692199","Sat Jun 29 01:26:31 +0000 2024","12417","Haechan from NARCISSISM : Jaemin 1st PHOTO EXHIBITION https://t.co/hDP95Znabp","1806861775922692199","https://pbs.twimg.com/media/GRNDNN0bUAACDHs.jpg","","en","í•´ì°¬ ë§ˆí¬ ë§ ë™ rps","120","1","3505","https://x.com/mybelovesun/status/1806861775922692199","1551031700586606593","mybelovesun"
"1806861170722410539","Sat Jun 29 01:24:07 +0000 2024","719","no.4 #JAEMIN_NARCISSISM https://t.co/wivzZwpmdO","1806861170722410539","https://pbs.twimg.com/media/GRNCpRpakAAt-CT.jpg","","und","jt nm ğŸ¤","26","0","501","https://x.com/zjmoon_/status/1806861170722410539","1234272464877674498","zjmoon_"
"1806861849780195425","Sat Jun 29 01:26:49 +0000 2024","292","ì œë…¸ ì‚¬ì§„ ë¹„í•˜ì¸ë“œ #JAEMIN_NARCISSISM https://t.co/CzLQ2A2iYx","1806861849780195425","https://pbs.twimg.com/media/GRNDP3caMAAG8b_.jpg","","ko","","6","1","116","https://x.com/toxxluv/status/1806861849780195425","1732395025881841664","toxxluv"
"1806862370439925857","Sat Jun 29 01:28:53 +0000 2024","177","Photo of Jeno and Jisung during Dream in Wonderland 2020! They were sitting in the rocking cabin #JAEMIN_NARCISSISM #JAEMIN #ì¬ë¯¼ #NARCISSISM https://t.co/DpJy8Mt2BM","1806862370439925857","https://pbs.twimg.com/media/GRNDv4_XcAAYpHb.jpg","","en","ğŸ”• / êµ¬ë¦„ ","2","1","68","https://x.com/itsnotkinkin/status/1806862370439925857","725516288","itsnotkinkin"
"1806862115078131828","Sat Jun 29 01:27:52 +0000 2024","80","OP wrote that when entering Jaemin's photo exhibition everyone will be given a leaflet and a audio guide machine ï¸ #JAEMIN_NARCISSISM #JAEMIN #ì¬ë¯¼ #NARCISSISM https://t.co/xlXOA2PZP4","1806862115078131828","https://pbs.twimg.com/media/GRNDhANWQAEhzzU.jpg","","en","ğŸ”• / êµ¬ë¦„ ","0","0","25","https://x.com/itsnotkinkin/status/1806862115078131828","725516288","itsnotkinkin"
"1806861569772671285","Sat Jun 29 01:25:42 +0000 2024","0","CONGRATS NA JAEMIN JAEMIN PHOTOGRAPHER DEBUT #JAEMIN_NARCISSISM #ì¬ë¯¼ì‘ê°€ë‹˜_ë‚˜ë¥´ì‹œì‹œì¦˜_ê¸°ëŒ€ëœë‹¹í› @NA_RCISSISM_ https://t.co/3Ylm5GanUD","1806861569772671285","https://pbs.twimg.com/media/GRNDBcWbMAAJAop.jpg","","en","Jaehyun's heart","0","0","0","https://x.com/civlovjae/status/1806861569772671285","1543854037988020224","civlovjae"
"1806861806847365510","Sat Jun 29 01:26:39 +0000 2024","22","#jaemin 1st exhibition narcissism day 1ï¸â€ cr. i_like_fullsun JAEMIN PHOTOGRAPHER DEBUT #JAEMIN_NARCISSISM #ì¬ë¯¼ì‘ê°€ë‹˜_ë‚˜ë¥´ì‹œì‹œì¦˜_ê¸°ëŒ€ëœë‹¹í› @NA_RCISSISM_ https://t.co/3ENcMdhsmG","1806861806847365510","https://pbs.twimg.com/media/GRNC_n0aIAA26Ev.jpg","","en","","1","2","7","https://x.com/justdoitjj/status/1806861806847365510","1249611043988312064","justdoitjj"
"1806862470470078576","Sat Jun 29 01:29:17 +0000 2024","7","mentally i am there. JAEMIN PHOTOGRAPHER DEBUT #JAEMIN_NARCISSISM #ì¬ë¯¼ì‘ê°€ë‹˜_ë‚˜ë¥´ì‹œì‹œì¦˜_ê¸°ëŒ€ëœë‹¹í› @NA_RCISSISM_ https://t.co/mQ7OyfJeVT","1806862470470078576","https://pbs.twimg.com/media/GRND1mOakAAWb2y.jpg","","en","","0","1","5","https://x.com/njaeminlands/status/1806862470470078576","1662501629197963270","njaeminlands"
"1806861412733747464","Sat Jun 29 01:25:05 +0000 2024","1","à¸‚à¸­à¸«à¸¥à¸±à¸à¹à¸ªà¸™à¸„à¸±à¸šà¸œà¸¡à¸¡ 999k à¸„à¹ˆà¸° JAEMIN PHOTOGRAPHER DEBUT #JAEMIN_NARCISSISM #ì¬ë¯¼ì‘ê°€ë‹˜_ë‚˜ë¥´ì‹œì‹œì¦˜_ê¸°ëŒ€ëœë‹¹í› https://t.co/PJrPmBmkYx","1806861412733747464","https://pbs.twimg.com/media/GRNC3_zaMAA2yF7.jpg","","und","ìš°ë¦¬ 7ë“œë¦¼","0","0","17","https://x.com/tonyjaem/status/1806861412733747464","2290414357","tonyjaem"
"1806862434289991880","Sat Jun 29 01:29:08 +0000 2024","2","JAEMIN PHOTOGRAPHER DEBUT #JAEMIN_NARCISSISM #ì¬ë¯¼ì‘ê°€ë‹˜_ë‚˜ë¥´ì‹œì‹œì¦˜_ê¸°ëŒ€ëœë‹¹í› @NA_RCISSISM_ https://t.co/W1cFjHjuHv","1806862434289991880","https://pbs.twimg.com/media/GRNDzvhaYAA2n41.jpg","","en","â“˜ this user loving ì¬ë¯¼ í•´ì°¬","0","0","0","https://x.com/yeoljaae/status/1806862434289991880","1352024064026529793","yeoljaae"
"1806862055234052291","Sat Jun 29 01:27:38 +0000 2024","0","JAEMIN PHOTOGRAPHER DEBUT #JAEMIN_NARCISSISM #ì¬ë¯¼ì‘ê°€ë‹˜_ë‚˜ë¥´ì‹œì‹œì¦˜_ê¸°ëŒ€ëœë‹¹í› @NA_RCISSISM_ https://t.co/ISuOOdwKzj","1806862055234052291","https://pbs.twimg.com/media/GRNDdciaUAA7F3f.jpg","","en","","0","0","0","https://x.com/pinkyblueshit/status/1806862055234052291","1690691369319485440","pinkyblueshit"
"1806862262071877764","Sat Jun 29 01:28:27 +0000 2024","0","JAEMIN PHOTOGRAPHER DEBUT #JAEMIN_NARCISSISM #ì¬ë¯¼ì‘ê°€ë‹˜_ë‚˜ë¥´ì‹œì‹œì¦˜_ê¸°ëŒ€ëœë‹¹í› @NA_RCISSISM_ https://t.co/L2Dzv7pisS","1806862262071877764","https://pbs.twimg.com/media/GRNDpIybQAAJW9v.jpg","","en","ğŸ‘ğŸ¶ğŸŒ™ğŸ¸","0","0","0","https://x.com/131hyun__/status/1806862262071877764","1720269204098801664","131hyun__"
"1806861794016911867","Sat Jun 29 01:26:36 +0000 2024","0","à¸„à¸™à¹€à¸à¹ˆà¸‡à¸‚à¸­à¸‡à¸«à¸™à¸¹â€‹ #JAEMIN_NARCISSISM #ì¬ë¯¼ì‘ê°€ë‹˜_ë‚˜ë¥´ì‹œì‹œì¦˜_ê¸°ëŒ€ëœë‹¹í› @NA_RCISSISM_ https://t.co/wCL85YCo4Y","1806861794016911867","https://pbs.twimg.com/media/GRNDOM2bYAAhVIr.jpg","","th",".ì¬ë¯¼ ì§€ì„± ì²œëŸ¬","0","0","0","https://x.com/Jisung_baby25/status/1806861794016911867","1111651174283796481","Jisung_baby25"
"1806861389610528978","Sat Jun 29 01:24:59 +0000 2024","0","MANTAP SAYANG JAEMIN PHOTOGRAPHER DEBUT #JAEMIN_NARCISSISM #ì¬ë¯¼ì‘ê°€ë‹˜_ë‚˜ë¥´ì‹œì‹œì¦˜_ê¸°ëŒ€ëœë‹¹í› @NA_RCISSISM_ https://t.co/51ExRbX8cD","1806861389610528978","https://pbs.twimg.com/media/GRNC2rWbUAAqO0_.jpg","","in","","0","0","0","https://x.com/2610butterfly/status/1806861389610528978","98280171","2610butterfly"
"1806861704049136107","Sat Jun 29 01:26:14 +0000 2024","0","JAEMIN PHOTOGRAPHER DEBUT #JAEMIN_NARCISSISM #ì¬ë¯¼ì‘ê°€ë‹˜_ë‚˜ë¥´ì‹œì‹œì¦˜_ê¸°ëŒ€ëœë‹¹í› @NA_RCISSISM_ https://t.co/FLumFb3iZm","1806861704049136107","https://pbs.twimg.com/media/GRNDJQMaYAA-x3r.jpg","","en","","0","0","0","https://x.com/shunkiran/status/1806861704049136107","1371405989853818882","shunkiran"
"1806862601034563982","Sat Jun 29 01:29:48 +0000 2024","0","D-DAY JAEMIN PHOTOGRAPHER DEBUT #JAEMIN_NARCISSISM #ì¬ë¯¼ì‘ê°€ë‹˜_ë‚˜ë¥´ì‹œì‹œì¦˜_ê¸°ëŒ€ëœë‹¹í› @NA_RCISSISM_ https://t.co/72haiLtnlC","1806862601034563982","https://pbs.twimg.com/media/GRND9ZYaoAAwYyu.jpg","","en","she/her ","0","0","0","https://x.com/coffejaemz_/status/1806862601034563982","1158686076984156160","coffejaemz_"
"1806861886505579006","Sat Jun 29 01:26:58 +0000 2024","0","à¸™à¸´à¸—à¸£à¸£à¸¨à¸à¸²à¸£à¸‚à¸­à¸‡à¹à¸ˆà¸¡à¸´à¸™à¹€à¸£à¸´à¹ˆà¸¡à¸‚à¸¶à¹‰à¸™à¹à¸¥à¹‰à¸§ à¸¡à¸±à¸à¹€à¸à¸´à¹‰à¸¥à¸—à¹ˆà¸²à¸™à¹„à¸«à¸™à¸ªà¸™à¹ƒà¸ˆà¹ƒà¸™à¸œà¸¥à¸‡à¸²à¸™à¸ à¸²à¸à¸–à¹ˆà¸²à¸¢à¸‚à¸­à¸‡à¸™à¹‰à¸­à¸‡à¸ªà¸²à¸¡à¸²à¸£à¸–à¸•à¸´à¸”à¸•à¸²à¸¡à¸—à¸²à¸‡à¸­à¸­à¸™à¹„à¸¥à¸™à¹Œà¹„à¸”à¹‰à¸—à¸µà¹ˆà¹à¸—à¹‡à¸à¹€à¸¥à¸¢à¸™à¸°à¸„à¸° à¸«à¸£à¸·à¸­à¹ƒà¸„à¸£à¸­à¸¢à¸²à¸à¸”à¸¹à¸à¸µà¸¡à¸·à¸­à¸™à¹‰à¸­à¸‡à¹€à¸à¸´à¹ˆà¸¡à¹€à¸•à¸´à¸¡à¸¡à¸µà¸Ÿà¸•à¸š.à¹à¸¥à¸°à¸‚à¸­à¸‡à¸—à¸µà¹ˆà¸£à¸°à¸¥à¸¶à¸à¹ƒà¸«à¹‰à¸ˆà¸±à¸šà¸ˆà¸­à¸‡à¸à¸±à¸™à¸™à¹‰à¸² JAEMIN PHOTOGRAPHER DEBUT #JAEMIN_NARCISSISM #ì¬ë¯¼ì‘ê°€ë‹˜_ë‚˜ë¥´ì‹œì‹œì¦˜_ê¸°ëŒ€ëœë‹¹í› @NA_RCISSISM_ https://t.co/0zMEWPrb7C","1806861886505579006","https://pbs.twimg.com/media/GRNDSxmbUAArbQT.jpg","","th","â™¡ jaemin â™¡","0","0","13","https://x.com/_bmxxpnp/status/1806861886505579006","993874258660016128","_bmxxpnp"
"1806860897434185857","Sat Jun 29 01:23:02 +0000 2024","0","let s go my babie JAEMIN PHOTOGRAPHER DEBUT #JAEMIN_NARCISSISM #ì¬ë¯¼ì‘ê°€ë‹˜_ë‚˜ë¥´ì‹œì‹œì¦˜_ê¸°ëŒ€ëœë‹¹í› @NA_RCISSISM_ https://t.co/ca53oMWwoS","1806860897434185857","https://pbs.twimg.com/media/GRNCaCiawAA3Y8K.jpg","","en","23","0","0","0","https://x.com/TPWKHES/status/1806860897434185857","1305506153435000832","TPWKHES"
"1806861749653852534","Sat Jun 29 01:26:25 +0000 2024","1"," JAEMIN PHOTOGRAPHER DEBUT #JAEMIN_NARCISSISM #ì¬ë¯¼ì‘ê°€ë‹˜_ë‚˜ë¥´ì‹œì‹œì¦˜_ê¸°ëŒ€ëœë‹¹í› @NA_RCISSISM_ https://t.co/S7nWqTJ9ul","1806861749653852534","https://pbs.twimg.com/media/GRNDL51a8AA9kqC.jpg","","en","narcissism","0","1","0","https://x.com/nanarisjae/status/1806861749653852534","1600082685874929665","nanarisjae"
"1806860956330508660","Sat Jun 29 01:23:16 +0000 2024","0","D-DAY OUR PHOTOGRAPHER NA JAEMIN ï¸ JAEMIN PHOTOGRAPHER DEBUT #JAEMIN_NARCISSISM #ì¬ë¯¼ì‘ê°€ë‹˜_ë‚˜ë¥´ì‹œì‹œì¦˜_ê¸°ëŒ€ëœë‹¹í› @NA_RCISSISM_ https://t.co/YdHpUoqSB8","1806860956330508660","https://pbs.twimg.com/media/GRNCdtfb0AABxKN.jpg","","en","mhist, markf & sfs | dnff","0","1","0","https://x.com/moloscene/status/1806860956330508660","1410825266457243649","moloscene"
"1806860626377277597","Sat Jun 29 01:21:57 +0000 2024","3382","ì œë…¸ ì• ê¸° ì† #JAEMIN_NARCISSISM #NARCISSISM https://t.co/vrkT996oli","1806860626377277597","https://pbs.twimg.com/media/GRNCKMgaYAAsJJC.jpg","","ko","Ë„à´® Ì« à´®Ë„ â™¡ á¢.ÖŠ Ì« ÖŠá¢ / ì˜í†µì€ í•˜ì´ë¼ì´íŠ¸","42","1","1611","https://x.com/_NoLee/status/1806860626377277597","1295894024725778433","_NoLee"
"1806860830253998528","Sat Jun 29 01:22:46 +0000 2024","11013","ì¬ë¯¼ì´ ì „ì‹œíšŒì— ë§ˆí¬ ì‚¬ì§„ë“¤ #JAEMIN_NARCISSISM #ì¬ë¯¼ì‘ê°€ë‹˜_ë‚˜ë¥´ì‹œì‹œì¦˜_ê¸°ëŒ€ëœë‹¹í› @NA_RCISSISM_ https://t.co/sgbuJbmsaY","1806860830253998528","https://pbs.twimg.com/media/GRNCUumbcAA-rHa.jpg","","ko","ë§ˆí¬ ì¬ë¯¼ ë­‰í´ì¦ˆ","78","0","4576","https://x.com/2liter_886/status/1806860830253998528","1565424550690848768","2liter_886"
"1806859959961072087","Sat Jun 29 01:19:18 +0000 2024","425","just how can you not bawl when getting into the exhibition na jaemin i am so proud of you! JAEMIN PHOTOGRAPHER DEBUT #JAEMIN_NARCISSISM #ì¬ë¯¼ì‘ê°€ë‹˜_ë‚˜ë¥´ì‹œì‹œì¦˜_ê¸°ëŒ€ëœë‹¹í› @NA_RCISSISM_ https://t.co/FaDPXlWGEW","1806859959961072087","https://pbs.twimg.com/media/GRNBimXbAAAfwpo.jpg","","en","ğŸ‡µğŸ‡¸","8","15","157","https://x.com/jaeminners/status/1806859959961072087","1310522939343687681","jaeminners"
"1806860280980545710","Sat Jun 29 01:20:35 +0000 2024","3144","Audio guide with Jaemin s voice for each visitorï¸ And subtitles are displayed in 4 languages: Korean Japanese Chinese and English JAEMIN PHOTOGRAPHER DEBUT #JAEMIN_NARCISSISM #ì¬ë¯¼ì‘ê°€ë‹˜_ë‚˜ë¥´ì‹œì‹œì¦˜_ê¸°ëŒ€ëœë‹¹í› @NA_RCISSISM_ https://t.co/LDMsv4EnGA","1806860280980545710","https://pbs.twimg.com/media/GRNB1-QbQAEP5v_.jpg","","en","","222","282","1578","https://x.com/hourlyjaeminn/status/1806860280980545710","1546116204582125568","hourlyjaeminn"
"1806860798163353625","Sat Jun 29 01:22:38 +0000 2024","0","JAEMIN PHOTOGRAPHER DEBUT #JAEMIN_NARCISSISM #ì¬ë¯¼ì‘ê°€ë‹˜_ë‚˜ë¥´ì‹œì‹œì¦˜_ê¸°ëŒ€ëœë‹¹í› @NA_RCISSISM_ https://t.co/WEh0D6OaHS","1806860798163353625","https://pbs.twimg.com/media/GRNCUa3bUAASmwp.jpg","","en","PA/FA/sbt","0","0","0","https://x.com/hidearestmine/status/1806860798163353625","792180775160418304","hidearestmine"
"1806860522345976151","Sat Jun 29 01:21:33 +0000 2024","1","JAEMIN PHOTOGRAPHER DEBUT #JAEMIN_NARCISSISM #ì¬ë¯¼ì‘ê°€ë‹˜_ë‚˜ë¥´ì‹œì‹œì¦˜_ê¸°ëŒ€ëœë‹¹í› @NA_RCISSISM_ https://t.co/eDRWdoeSE5","1806860522345976151","https://pbs.twimg.com/media/GRNCDqlaEAA-jwY.jpg","","en","NaClËšË–ğ“¢Ö´Ö´à»‹ğŸŒŠ ğŸ«§ğŸ¬","0","0","1","https://x.com/ynxzy13_/status/1806860522345976151","1347351147875495939","ynxzy13_"
"1806860037241057785","Sat Jun 29 01:19:37 +0000 2024","0","can't waitttt JAEMIN PHOTOGRAPHER DEBUT #JAEMIN_NARCISSISM #ì¬ë¯¼ì‘ê°€ë‹˜_ë‚˜ë¥´ì‹œì‹œì¦˜_ê¸°ëŒ€ëœë‹¹í› @NA_RCISSISM_ https://t.co/nyIj8i2zQN","1806860037241057785","https://pbs.twimg.com/media/GRNBn87aQAA-AYY.jpg","","en","she/her â€¢ 02l","0","0","0","https://x.com/heywinterlove/status/1806860037241057785","1293432374101831680","heywinterlove"
"1806860118748987534","Sat Jun 29 01:19:56 +0000 2024","0","photographer jaemin JAEMIN PHOTOGRAPHER DEBUT #JAEMIN_NARCISSISM #ì¬ë¯¼ì‘ê°€ë‹˜_ë‚˜ë¥´ì‹œì‹œì¦˜_ê¸°ëŒ€ëœë‹¹í› @NA_RCISSISM_ https://t.co/nOB4nPcshB","1806860118748987534","https://pbs.twimg.com/media/GRNBsrNbYAANGKk.jpg","","en","she/her â€¢ 02l","0","0","0","https://x.com/heywinterlove/status/1806860118748987534","1293432374101831680","heywinterlove"
"1806860305219334338","Sat Jun 29 01:20:41 +0000 2024","0","proud of you sayangkuuu JAEMIN PHOTOGRAPHER DEBUT #JAEMIN_NARCISSISM #ì¬ë¯¼ì‘ê°€ë‹˜_ë‚˜ë¥´ì‹œì‹œì¦˜_ê¸°ëŒ€ëœë‹¹í› @NA_RCISSISM_ https://t.co/oSdc4aVPDS","1806860305219334338","https://pbs.twimg.com/media/GRNB3ZraMAAd7Gj.jpg","","en","she/her â€¢ 02l","0","0","0","https://x.com/heywinterlove/status/1806860305219334338","1293432374101831680","heywinterlove"
"1806859368677429579","Sat Jun 29 01:16:57 +0000 2024","0","CONGRATULATIONS BABY JAEMIN PHOTOGRAPHER DEBUT #JAEMIN_NARCISSISM #ì¬ë¯¼ì‘ê°€ë‹˜_ë‚˜ë¥´ì‹œì‹œì¦˜_ê¸°ëŒ€ëœë‹¹í› @NA_RCISSISM_ https://t.co/5TjUBVTgMj","1806859368677429579","https://pbs.twimg.com/media/GRNA-KPbQAAanYv.jpg","","en","Indonesia","0","0","0","https://x.com/JENJAEMlN/status/1806859368677429579","1453355772495028230","JENJAEMlN"
"1806860890211549688","Sat Jun 29 01:23:00 +0000 2024","1","JAEMIN PHOTOGRAPHER DEBUT #JAEMIN_NARCISSISM #ì¬ë¯¼ì‘ê°€ë‹˜_ë‚˜ë¥´ì‹œì‹œì¦˜_ê¸°ëŒ€ëœë‹¹í› @NA_RCISSISM_ https://t.co/PTxNtAkA3h","1806860890211549688","https://pbs.twimg.com/media/GRNCZiTa0AAei4N.jpg","","en","","0","7","0","https://x.com/laraxtyt/status/1806860890211549688","1457640620336377863","laraxtyt"
"1806860145617748220","Sat Jun 29 01:20:03 +0000 2024","0","JAEMIN PHOTOGRAPHER DEBUT #JAEMIN_NARCISSISM #ì¬ë¯¼ì‘ê°€ë‹˜_ë‚˜ë¥´ì‹œì‹œì¦˜_ê¸°ëŒ€ëœë‹¹í› @NA_RCISSISM_ https://t.co/Kbld6jS0Le","1806860145617748220","https://pbs.twimg.com/media/GRNBueYa8AAEu3b.jpg","","en","21+","0","0","0","https://x.com/grlstrngr/status/1806860145617748220","1324231810167922689","grlstrngr"
"1806860379454075083","Sat Jun 29 01:20:58 +0000 2024","21","JENO AND JAEMIN #JAEMIN #ì¬ë¯¼ #JAEMIN_NARCISSISM https://t.co/VeomZYEbOj","1806860379454075083","https://pbs.twimg.com/media/GRNB775XAAAMfoX.jpg","","en","","0","1","19","https://x.com/dailyjaeminn_/status/1806860379454075083","1792967791382786048","dailyjaeminn_"
"1806860481342427399","Sat Jun 29 01:21:23 +0000 2024","0","à¸ à¸¹à¸¡à¸´à¹ƒà¸ˆà¹ƒà¸™à¸•à¸±à¸§à¹à¸ˆà¸¡à¸´à¸™à¸—à¸µà¹ˆà¸ªà¸¸à¸”à¹€à¸¥à¸¢à¸™à¸° JAEMIN PHOTOGRAPHER DEBUT #JAEMIN_NARCISSISM #ì¬ë¯¼ì‘ê°€ë‹˜_ë‚˜ë¥´ì‹œì‹œì¦˜_ê¸°ëŒ€ëœë‹¹í› @NA_RCISSISM_ https://t.co/gmGNHXqGYA","1806860481342427399","https://pbs.twimg.com/media/GRNCBoVbsAAc6RU.jpg","","und","","0","0","0","https://x.com/jeejeexjeejee/status/1806860481342427399","288733911","jeejeexjeejee"
"1806859881552769166","Sat Jun 29 01:19:00 +0000 2024","0","JAEMIN PHOTOGRAPHER DEBUT #JAEMIN_NARCISSISM #ì¬ë¯¼ì‘ê°€ë‹˜_ë‚˜ë¥´ì‹œì‹œì¦˜_ê¸°ëŒ€ëœë‹¹í› @NA_RCISSISM_ https://t.co/sBEe8w11Pk","1806859881552769166","https://pbs.twimg.com/media/GRNBeuZaAAA6bDr.jpg","","en","","0","0","0","https://x.com/NjJhKdLjLh/status/1806859881552769166","1543443984634114048","NjJhKdLjLh"
"1806859226226262064","Sat Jun 29 01:16:24 +0000 2024","0","congrats à¸™à¸°à¸„à¸°à¸„à¸™à¸”à¸µà¸‚à¸­à¸‡à¹à¸¡à¹ˆ JAEMIN PHOTOGRAPHER DEBUT #JAEMIN_NARCISSISM #JAEMIN #ì¬ë¯¼ì‘ê°€ë‹˜_ë‚˜ë¥´ì‹œì‹œì¦˜_ê¸°ëŒ€ëœë‹¹í› @NA_RCISSISM_ https://t.co/EcjFaxtAIO","1806859226226262064","https://pbs.twimg.com/media/GRNA43obwAA-Wtu.jpg","","en","","0","0","0","https://x.com/PoooohPR/status/1806859226226262064","846333421","PoooohPR"
"1806859912216998074","Sat Jun 29 01:19:07 +0000 2024","12","congratulations to my favorite photographer; na jaemin you are an inspiration to me and many others JAEMIN PHOTOGRAPHER DEBUT #JAEMIN_NARCISSISM #ì¬ë¯¼ì‘ê°€ë‹˜_ë‚˜ë¥´ì‹œì‹œì¦˜_ê¸°ëŒ€ëœë‹¹í› @NA_RCISSISM_ https://t.co/RzhzK1P2UK","1806859912216998074","https://pbs.twimg.com/media/GRNBgz8XYAAU5kY.jpg","","en","solodoongie.","0","0","4","https://x.com/bypinkki/status/1806859912216998074","1787685578177150976","bypinkki"
"1806858856909414461","Sat Jun 29 01:14:55 +0000 2024","0","JAEMIN PHOTOGRAPHER DEBUT #JAEMIN_NARCISSISM #ì¬ë¯¼ì‘ê°€ë‹˜_ë‚˜ë¥´ì‹œì‹œì¦˜_ê¸°ëŒ€ëœë‹¹í› @NA_RCISSISM_ https://t.co/hLN0mtjfr5","1806858856909414461","https://pbs.twimg.com/media/GRNAiMGaYAAxXWh.jpg","","en","na jaemin","0","0","0","https://x.com/najaeminisna/status/1806858856909414461","1153439058753810432","najaeminisna"
"1806858522929578127","Sat Jun 29 01:13:36 +0000 2024","1","JAEMIN PHOTOGRAPHER DEBUT Always proud of u na jaemin #JAEMIN_NARCISSISM #ì¬ë¯¼ì‘ê°€ë‹˜_ë‚˜ë¥´ì‹œì‹œì¦˜_ê¸°ëŒ€ëœë‹¹í› @NA_RCISSISM_ https://t.co/vpiWgHxKSc","1806858522929578127","https://pbs.twimg.com/media/GRNAOKWaIAAAalt.jpg","","en","","0","2","0","https://x.com/rabbitnaaa/status/1806858522929578127","937522969638682625","rabbitnaaa"
"1806860245664411866","Sat Jun 29 01:20:27 +0000 2024","0","JAEMIN PHOTOGRAPHER DEBUT #JAEMIN_NARCISSISM #ì¬ë¯¼ì‘ê°€ë‹˜_ë‚˜ë¥´ì‹œì‹œì¦˜_ê¸°ëŒ€ëœë‹¹í› @NA_RCISSISM_ https://t.co/GMxHGGNsCE","1806860245664411866","https://pbs.twimg.com/media/GRNBzmMaAAA1dyO.jpg","","en","","0","0","0","https://x.com/214jeongjaehyun/status/1806860245664411866","1739067638578626560","214jeongjaehyun"
"1806857789429706959","Sat Jun 29 01:10:41 +0000 2024","5833","narcissism by our photographer na jaemin ï¸ https://t.co/PDZwIWL9yV","1806857789429706959","https://pbs.twimg.com/media/GRM_joObYAAgrD2.jpg","","en","ğŸ”• | archives in â™¡ ","200","1","2236","https://x.com/archivesnjm/status/1806857789429706959","1453225309352955913","archivesnjm"
"1806858201360703878","Sat Jun 29 01:12:19 +0000 2024","937","THE DAY for NARCISSISM!! one of jaemin dreams to holding exhibition finally come true u made it nana. nothing i can say unless i m beyond proud of u my favorite photographer ever ï¸ JAEMIN PHOTOGRAPHER DEBUT #JAEMIN_NARCISSISM #ì¬ë¯¼ì‘ê°€ë‹˜_ë‚˜ë¥´ì‹œì‹œì¦˜_ê¸°ëŒ€ëœë‹¹í› @NA_RCISSISM_ https://t.co/qA9jF3ln6u","1806858201360703878","https://pbs.twimg.com/ext_tw_video_thumb/1806858000298373120/pu/img/vcn4LguXY0Qq_2CD.jpg","","en","@NA_RCISSISM_ ","10","116","460","https://x.com/chezzecakey/status/1806858201360703878","1375850540836352000","chezzecakey"
"1806858408709988597","Sat Jun 29 01:13:09 +0000 2024","78","Dreamies from the lens of photographer jaemin #JAEMIN #ì¬ë¯¼ #JAEMIN_NARCISSISM https://t.co/LpSONfDsco","1806858408709988597","https://pbs.twimg.com/media/GRNAJLEWEAEDfE3.jpg","","en","","0","1","53","https://x.com/dailyjaeminn_/status/1806858408709988597","1792967791382786048","dailyjaeminn_"
"1806858215617110518","Sat Jun 29 01:12:23 +0000 2024","532","each person is given a leaflet and docent device when entering Â©_NoLee JAEMIN PHOTOGRAPHER DEBUT #JAEMIN_NARCISSISM #ì¬ë¯¼ì‘ê°€ë‹˜_ë‚˜ë¥´ì‹œì‹œì¦˜_ê¸°ëŒ€ëœë‹¹í› @NA_RCISSISM_ https://t.co/5QBOFMCgGu","1806858215617110518","https://pbs.twimg.com/media/GRM_-FqbEAAXrMt.jpg","","en","","22","0","223","https://x.com/jjarchiv/status/1806858215617110518","845945503275610113","jjarchiv"
"1806858289055150443","Sat Jun 29 01:12:40 +0000 2024","368","OP said as you enter on the exhibit you ll be handed these leaflets and this voice recording wherein JAEMIN is telling how he made this exhibit. The first photo you can see SO PRETTYYY #JAEMIN_NARCISSISM @NA_RCISSISM_ https://t.co/uylObRv70E","1806858289055150443","https://pbs.twimg.com/media/GRNACQDaYAAUji3.jpg","","en","","16","1","202","https://x.com/kkyunana/status/1806858289055150443","1348609408809398274","kkyunana"
"1806858094875721753","Sat Jun 29 01:11:54 +0000 2024","55"," JAEMIN PHOTOGRAPHER DEBUT #JAEMIN_NARCISSISM #ì¬ë¯¼ì‘ê°€ë‹˜_ë‚˜ë¥´ì‹œì‹œì¦˜_ê¸°ëŒ€ëœë‹¹í› @NA_RCISSISM_ https://t.co/9Ab0qMrIZB","1806858094875721753","https://pbs.twimg.com/media/GRM_3GTasAAUBBq.jpg","","en","","0","13","33","https://x.com/justdoitjj/status/1806858094875721753","1249611043988312064","justdoitjj"
"1806857579181809894","Sat Jun 29 01:09:51 +0000 2024","34","à¸¢à¸´à¸™à¸”à¸µà¸à¸±à¸šà¸™à¸´à¸—à¸£à¸£à¸¨à¸à¸²à¸£à¸ à¸²à¸à¸–à¹ˆà¸²à¸¢à¸„à¸£à¸±à¹‰à¸‡à¹à¸£à¸à¸‚à¸­à¸‡à¹à¸ˆà¸¡à¸´à¸™à¸¡à¸²à¸à¹€à¸¥à¸¢ à¸‚à¸­à¸šà¸„à¸¸à¸“à¹à¸ˆà¸¡à¸´à¸™à¸—à¸µà¹ˆà¸ªà¸£à¹‰à¸²à¸‡à¸œà¸¥à¸‡à¸²à¸™à¸”à¸µà¹† à¸Šà¹ˆà¸²à¸‡à¸ à¸²à¸à¸„à¸™à¹€à¸à¹ˆà¸‡à¸‚à¸­à¸‡à¹€à¸£à¸² JAEMIN PHOTOGRAPHER DEBUT #JAEMIN_NARCISSISM #ì¬ë¯¼ì‘ê°€ë‹˜_ë‚˜ë¥´ì‹œì‹œì¦˜_ê¸°ëŒ€ëœë‹¹í› @NA_RCISSISM_ https://t.co/NGnlIfNWQ5","1806857579181809894","https://pbs.twimg.com/media/GRM_YjobUAA2p-q.jpg","","th","7dream, jmğŸ”ì¼ì  ","0","1","113","https://x.com/thereisjaemin/status/1806857579181809894","1174872383355703302","thereisjaemin"
"1806858396546822635","Sat Jun 29 01:13:06 +0000 2024","98","D-DAY jaemin s exhibition is finally happening today!!! JAEMIN PHOTOGRAPHER DEBUT #JAEMIN_NARCISSISM #ì¬ë¯¼ì‘ê°€ë‹˜_ë‚˜ë¥´ì‹œì‹œì¦˜_ê¸°ëŒ€ëœë‹¹í› @NA_RCISSISM_ https://t.co/YOonkC2thY","1806858396546822635","https://pbs.twimg.com/media/GRNAIhtaEAAfaL1.jpg","","en","do not crop logo","3","18","83","https://x.com/njmarchived/status/1806858396546822635","1325732085022142464","njmarchived"
"1806858107336667167","Sat Jun 29 01:11:57 +0000 2024","8","JAEMIN PHOTOGRAPHER DEBUT #JAEMIN_NARCISSISM #ì¬ë¯¼ì‘ê°€ë‹˜_ë‚˜ë¥´ì‹œì‹œì¦˜_ê¸°ëŒ€ëœë‹¹í› @NA_RCISSISM_ https://t.co/yMTZU4ByFk","1806858107336667167","https://pbs.twimg.com/media/GRM_315XkAAR3Rl.jpg","","en","","0","0","2","https://x.com/NCTdreamFr/status/1806858107336667167","1186649259963224067","NCTdreamFr"
"1806857904940818874","Sat Jun 29 01:11:08 +0000 2024","0","JAEMIN PHOTOGRAPHER DEBUT #JAEMIN_NARCISSISM #ì¬ë¯¼ì‘ê°€ë‹˜_ë‚˜ë¥´ì‹œì‹œì¦˜_ê¸°ëŒ€ëœë‹¹í› @NA_RCISSISM_ https://t.co/XrIRwentwl","1806857904940818874","https://pbs.twimg.com/media/GRM_r3YaEAA7JVV.jpg","","en","-dreamcatcher.oor.nctdream","0","0","0","https://x.com/lullafby/status/1806857904940818874","1014799516380229638","lullafby"
"1806857582549799082","Sat Jun 29 01:09:52 +0000 2024","0","JAEMIN PHOTOGRAPHER DEBUT #JAEMIN_NARCISSISM #ì¬ë¯¼ì‘ê°€ë‹˜_ë‚˜ë¥´ì‹œì‹œì¦˜_ê¸°ëŒ€ëœë‹¹í› @NA_RCISSISM_ https://t.co/yuP1vcoiGk","1806857582549799082","https://pbs.twimg.com/media/GRM_ZWYbIAAgsRq.jpg","","en","exoâ€² nctâ€² wayvâ€² ","0","0","0","https://x.com/bynajie/status/1806857582549799082","2259609126","bynajie"
"1806856921250709931","Sat Jun 29 01:07:14 +0000 2024","0","CONGRATULATIONS NA JAEMIN JAEMIN PHOTOGRAPHER DEBUT #JAEMIN_NARCISSISM #ì¬ë¯¼ì‘ê°€ë‹˜_ë‚˜ë¥´ì‹œì‹œì¦˜_ê¸°ëŒ€ëœë‹¹í› @NA_RCISSISM_ https://t.co/rK8inXQJuN","1806856921250709931","https://pbs.twimg.com/media/GRM-ylpbwAAt-kK.jpg","","en","Earth ","0","0","0","https://x.com/azalealice/status/1806856921250709931","607865321","azalealice"
"1806857074216984968","Sat Jun 29 01:07:50 +0000 2024","0","finally sayangkuuuuï¸ JAEMIN PHOTOGRAPHER DEBUT #JAEMIN_NARCISSISM #ì¬ë¯¼ì‘ê°€ë‹˜_ë‚˜ë¥´ì‹œì‹œì¦˜_ê¸°ëŒ€ëœë‹¹í› @NA_RCISSISM_ https://t.co/nFjyKbfo86","1806857074216984968","https://pbs.twimg.com/media/GRM-7xlbMAEhX9L.jpg","","in","exoâ€² nctâ€² wayvâ€² ","0","0","0","https://x.com/bynajie/status/1806857074216984968","2259609126","bynajie"
"1806858260085096506","Sat Jun 29 01:12:33 +0000 2024","0","I'm very proud of u photographer na JAEMIN PHOTOGRAPHER DEBUT #JAEMIN_NARCISSISM #ì¬ë¯¼ì‘ê°€ë‹˜_ë‚˜ë¥´ì‹œì‹œì¦˜_ê¸°ëŒ€ëœë‹¹í› @NA_RCISSISM_ #JAEMIN_NARCISSISM https://t.co/1LlMHibE5h","1806858260085096506","https://pbs.twimg.com/media/GRNAAt9bgAAB_mX.jpg","","en","sky","0","0","0","https://x.com/kyumochimol/status/1806858260085096506","1570456549814071296","kyumochimol"
"1806858355908231284","Sat Jun 29 01:12:56 +0000 2024","0","d-day! JAEMIN PHOTOGRAPHER DEBUT #JAEMIN_NARCISSISM #ì¬ë¯¼ì‘ê°€ë‹˜_ë‚˜ë¥´ì‹œì‹œì¦˜_ê¸°ëŒ€ëœë‹¹í› @NA_RCISSISM_ https://t.co/aR9qYxv4Wc","1806858355908231284","https://pbs.twimg.com/media/GRNAGTBagAA362V.jpg","","en","99,99% loving nomin","0","1","0","https://x.com/JMJN_MINEE/status/1806858355908231284","1138694718391328768","JMJN_MINEE"
"1806857432658026888","Sat Jun 29 01:09:16 +0000 2024","0","thank you jaemin and so proud of you JAEMIN PHOTOGRAPHER DEBUT #JAEMIN_NARCISSISM #ì¬ë¯¼ì‘ê°€ë‹˜_ë‚˜ë¥´ì‹œì‹œì¦˜_ê¸°ëŒ€ëœë‹¹í› @NA_RCISSISM_ https://t.co/4iZHTMHvN1","1806857432658026888","https://pbs.twimg.com/media/GRM_QfcagAA6_YB.jpg","","en","fangirl purpose","0","0","0","https://x.com/sweeetnajae/status/1806857432658026888","1599341548432343042","sweeetnajae"
"1806858438758260908","Sat Jun 29 01:13:16 +0000 2024","0","Bangga sekali aku sama jaemin ï¸ Selamat ya jaeminn sukses selalu ï¸ JAEMIN PHOTOGRAPHER DEBUT #JAEMIN_NARCISSISM #ì¬ë¯¼ì‘ê°€ë‹˜_ë‚˜ë¥´ì‹œì‹œì¦˜_ê¸°ëŒ€ëœë‹¹í› @NA_RCISSISM_ https://t.co/WehCKGRwJ2","1806858438758260908","https://pbs.twimg.com/media/GRNAKpVboAA0eQQ.jpg","","in","Indonesia","0","5","0","https://x.com/Beeblossom21/status/1806858438758260908","3089787690","Beeblossom21"
"1806857803832684755","Sat Jun 29 01:10:44 +0000 2024","1","PORFIN ES EL DIAA :3 Q EMOCIONNNNN t amo jaemin esta todo hermoso JAEMIN PHOTOGRAPHER DEBUT #JAEMIN_NARCISSISM #ì¬ë¯¼ì‘ê°€ë‹˜_ë‚˜ë¥´ì‹œì‹œì¦˜_ê¸°ëŒ€ëœë‹¹í› @NA_RCISSISM_ https://t.co/UD8VhctHXj","1806857803832684755","https://pbs.twimg.com/media/GRM_l6yWIAE6aDo.jpg","","es","7dream ","0","0","0","https://x.com/h8uck/status/1806857803832684755","1606531541500321794","h8uck"
"1806857131808915739","Sat Jun 29 01:08:04 +0000 2024","0","JAEMIN PHOTOGRAPHER DEBUT ï¸ #JAEMIN_NARCISSISM #ì¬ë¯¼ì‘ê°€ë‹˜_ë‚˜ë¥´ì‹œì‹œì¦˜_ê¸°ëŒ€ëœë‹¹í› @NA_RCISSISM_ https://t.co/wQJcD2YAcy","1806857131808915739","https://pbs.twimg.com/media/GRM--V5bgAEA5In.jpg","","en","ISFP-A","0","0","0","https://x.com/reinissm/status/1806857131808915739","1369502992647348229","reinissm"
"1806857962591543783","Sat Jun 29 01:11:22 +0000 2024","0","AAAAAAAAAAA KEREN BGTTTTT JAEMIN PHOTOGRAPHER DEBUT #JAEMIN_NARCISSISM #ì¬ë¯¼ì‘ê°€ë‹˜_ë‚˜ë¥´ì‹œì‹œì¦˜_ê¸°ëŒ€ëœë‹¹í› @NA_RCISSISM_ https://t.co/GkDsrtfvrQ","1806857962591543783","https://pbs.twimg.com/media/GRM_vR-b0AAj95F.jpg","","in","","0","0","0","https://x.com/jaemincimool/status/1806857962591543783","1369936102434349058","jaemincimool"
"1806856615175549425","Sat Jun 29 01:06:01 +0000 2024","2155","ì¬ë¯¼ì´ ì „ì‹œíšŒ ì…ì¥í•˜ë©´ ë¦¬í”Œë ›ì´ë‘ ë„ìŠ¨íŠ¸ ê¸°ê³„ ë‚˜ëˆ ì¤€ë‹¹ ì¬ë¯¼ì•„ ì¬ë°Œê²Œ ë³¼ê²Œ #JAEMIN_NARCISSISM #NARCISSISM https://t.co/y23K8JJqTC","1806856615175549425","https://pbs.twimg.com/media/GRM-gZDboAAKSMI.jpg","","ko","Ë„à´® Ì« à´®Ë„ â™¡ á¢.ÖŠ Ì« ÖŠá¢ / ì˜í†µì€ í•˜ì´ë¼ì´íŠ¸","91","3","1239","https://x.com/_NoLee/status/1806856615175549425","1295894024725778433","_NoLee"
"1806855016566960525","Sat Jun 29 00:59:40 +0000 2024","2422","Let s get 813 reply for jaemin photographer debutï¸ JAEMIN PHOTOGRAPHER DEBUT #JAEMIN_NARCISSISM #ì¬ë¯¼ì‘ê°€ë‹˜_ë‚˜ë¥´ì‹œì‹œì¦˜_ê¸°ëŒ€ëœë‹¹í› @NA_RCISSISM_ https://t.co/TbczQad5U8","1806855016566960525","https://pbs.twimg.com/ext_tw_video_thumb/1800124817397665792/pu/img/PkV9bByIKiRKXAYR.jpg","","en","","32","917","1365","https://x.com/hourlyjaeminn/status/1806855016566960525","1546116204582125568","hourlyjaeminn"
"1806856373591834805","Sat Jun 29 01:05:03 +0000 2024","406","Jaemin s photo exhibit ticket #JAEMIN #ì¬ë¯¼ #JAEMIN_NARCISSISM https://t.co/qT5y8GQzER","1806856373591834805","https://pbs.twimg.com/media/GRM-SVrWsAA1Myz.jpg","","en","","8","10","482","https://x.com/dailyjaeminn_/status/1806856373591834805","1792967791382786048","dailyjaeminn_"
"1806855727929266282","Sat Jun 29 01:02:29 +0000 2024","0","JAEMIN PHOTOGRAPHER DEBUT #JAEMIN_NARCISSISM #ì¬ë¯¼ì‘ê°€ë‹˜_ë‚˜ë¥´ì‹œì‹œì¦˜_ê¸°ëŒ€ëœë‹¹í› @NA_RCISSISM_ https://t.co/OmKxvXorQ1","1806855727929266282","https://pbs.twimg.com/media/GRM9tY8b0AAoojg.jpg","","en","here","0","1","0","https://x.com/lxeejjenno_/status/1806855727929266282","1611992683849068545","lxeejjenno_"
"1806856892511338989","Sat Jun 29 01:07:07 +0000 2024","0","JAEMIN PHOTOGRAPHER DEBUT #JAEMIN_NARCISSISM #ì¬ë¯¼ì‘ê°€ë‹˜_ë‚˜ë¥´ì‹œì‹œì¦˜_ê¸°ëŒ€ëœë‹¹í› @NA_RCISSISM_ https://t.co/DE0gtdhWbG","1806856892511338989","https://pbs.twimg.com/media/GRM-w_LagAAdZB_.jpg","","en","Lmk Njm 24/7â™¡","0","1","0","https://x.com/supal0nelYy_/status/1806856892511338989","1297855500722216961","supal0nelYy_"
"1806856009664868725","Sat Jun 29 01:03:37 +0000 2024","0","JAEMIN PHOTOGRAPHER DEBUT #JAEMIN_NARCISSISM #ì¬ë¯¼ì‘ê°€ë‹˜_ë‚˜ë¥´ì‹œì‹œì¦˜_ê¸°ëŒ€ëœë‹¹í› @NA_RCISSISM_ https://t.co/oTiQpm6Hf2","1806856009664868725","https://pbs.twimg.com/amplify_video_thumb/1806840897465913344/img/DoIuzrZV0KvWvk8Z.jpg","","en","âœ© ìš°ë¦¬ 7ë¹›ë‚˜ëŠ” ë³„ âœ© BlueForDream","0","0","0","https://x.com/chpyawie/status/1806856009664868725","1464844629443031041","chpyawie"
"1806855878957740359","Sat Jun 29 01:03:05 +0000 2024","0","JAEMIN PHOTOGRAPHER DEBUT #JAEMIN_NARCISSISM #ì¬ë¯¼ì‘ê°€ë‹˜_ë‚˜ë¥´ì‹œì‹œì¦˜_ê¸°ëŒ€ëœë‹¹í› @NA_RCISSISM_ https://t.co/FrTmLvSUiS","1806855878957740359","https://pbs.twimg.com/media/GRM91YVaoAA38I2.jpg","","en","01f","0","3","0","https://x.com/myjwisung/status/1806855878957740359","1278528970355404801","myjwisung"
"1806856841445708273","Sat Jun 29 01:06:55 +0000 2024","1","D-DAY Congratulations on your first exhibition ever Photographer Na JaeMin #JAEMIN_NARCISSISM #ì¬ë¯¼ì‘ê°€ë‹˜_ë‚˜ë¥´ì‹œì‹œì¦˜_ê¸°ëŒ€ëœë‹¹í› @NA_RCISSISM_ https://t.co/Xmn8VBhuYA","1806856841445708273","https://pbs.twimg.com/media/GRM-uKfa8AALtF5.jpg","","en","Vietnam","0","0","0","https://x.com/MooMINJUNvn/status/1806856841445708273","830400645391806464","MooMINJUNvn"
"1806855378011054258","Sat Jun 29 01:01:06 +0000 2024","52","D-Day ï¸ JAEMIN PHOTOGRAPHER DEBUT #JAEMIN_NARCISSISM #ì¬ë¯¼ì‘ê°€ë‹˜_ë‚˜ë¥´ì‹œì‹œì¦˜_ê¸°ëŒ€ëœë‹¹í› @NA_RCISSISM_ https://t.co/ygudCbA7cy","1806855378011054258","https://pbs.twimg.com/media/GRM9Y0SakAA0Jww.jpg","","en","","0","31","46","https://x.com/jenjaemsung/status/1806855378011054258","1141348879876538369","jenjaemsung"
"1806856140158050423","Sat Jun 29 01:04:08 +0000 2024","0","My loveï¸ JAEMIN PHOTOGRAPHER DEBUT #JAEMIN_NARCISSISM #ì¬ë¯¼ì‘ê°€ë‹˜_ë‚˜ë¥´ì‹œì‹œì¦˜_ê¸°ëŒ€ëœë‹¹í› @NA_RCISSISM_ https://t.co/5I4fa7Syyl","1806856140158050423","https://pbs.twimg.com/media/GRM-D3UbsAE8qAH.jpg","","en","L-1485, nanadoongie.","0","0","0","https://x.com/preciousnajae_/status/1806856140158050423","994096910255276032","preciousnajae_"
"1806856519474188527","Sat Jun 29 01:05:38 +0000 2024","0","CONGRATULATIONS â€¼ï¸ï¸ JAEMIN PHOTOGRAPHER DEBUT #JAEMIN_NARCISSISM #ì¬ë¯¼ì‘ê°€ë‹˜_ë‚˜ë¥´ì‹œì‹œì¦˜_ê¸°ëŒ€ëœë‹¹í› @NA_RCISSISM_ https://t.co/234GCSKyjU","1806856519474188527","https://pbs.twimg.com/media/GRM-bG3akAADgrw.jpg","","en","","0","0","0","https://x.com/gummydoy_/status/1806856519474188527","1154719338332450817","gummydoy_"
"1806856195237634148","Sat Jun 29 01:04:21 +0000 2024","0","I'M FOREVER PROUD OF YOU JAEMIN! JAEMIN PHOTOGRAPHER DEBUT #JAEMIN_NARCISSISM #ì¬ë¯¼ì‘ê°€ë‹˜_ë‚˜ë¥´ì‹œì‹œì¦˜_ê¸°ëŒ€ëœë‹¹í› @NA_RCISSISM_ https://t.co/FXjVhjjhGS","1806856195237634148","https://pbs.twimg.com/media/GRM-IiZbEAAetDw.jpg","","en","DNF IF U HATE ANY DREAM MEM !!","0","0","0","https://x.com/loveleejaem/status/1806856195237634148","1596363470030901248","loveleejaem"
"1806856391396602301","Sat Jun 29 01:05:08 +0000 2024","6","comenten y utilicen los ht de jaemin!!&lt;3 JAEMIN PHOTOGRAPHER DEBUT #JAEMIN_NARCISSISM #ì¬ë¯¼ì‘ê°€ë‹˜_ë‚˜ë¥´ì‹œì‹œì¦˜_ê¸°ëŒ€ëœë‹¹í› @NA_RCISSISM_ https://t.co/ujcv9q0wvQ","1806856391396602301","https://pbs.twimg.com/media/GRM-QqsXoAAJuK5.jpg","","en","ella","0","1","2","https://x.com/lvsnanai/status/1806856391396602301","1720489904214306816","lvsnanai"
"1806856809912955041","Sat Jun 29 01:06:47 +0000 2024","0","D-dayï¸ JAEMIN PHOTOGRAPHER DEBUT #JAEMIN_NARCISSISM #ì¬ë¯¼ì‘ê°€ë‹˜_ë‚˜ë¥´ì‹œì‹œì¦˜_ê¸°ëŒ€ëœë‹¹í› @NA_RCISSISM_ https://t.co/T38sM2qL9s","1806856809912955041","https://pbs.twimg.com/media/GRM-r61bMAAdMyA.jpg","","en","","0","0","0","https://x.com/luvhaemax/status/1806856809912955041","1280370246260371457","luvhaemax"
"1806854429318193426","Sat Jun 29 00:57:20 +0000 2024","0","Congratulations na ka à¸„à¸™à¹€à¸à¹ˆà¸‡ JAEMIN PHOTOGRAPHER DEBUT #JAEMIN_NARCISSISM #ì¬ë¯¼ì‘ê°€ë‹˜_ë‚˜ë¥´ì‹œì‹œì¦˜_ê¸°ëŒ€ëœë‹¹í› @NA_RCISSISM_ https://t.co/nCeB6dnssH","1806854429318193426","https://pbs.twimg.com/media/GRM8hwyasAAwpPW.jpg","","en","markmin | 3leejaemin","0","0","0","https://x.com/_khaotuun/status/1806854429318193426","1094918215","_khaotuun"
"1806856141793816620","Sat Jun 29 01:04:08 +0000 2024","1","really proud of youê’°â â‘…â áµ•â à¼šâ áµ•â ê’±â Ë–â  JAEMIN PHOTOGRAPHER DEBUT #JAEMIN_NARCISSISM #ì¬ë¯¼ì‘ê°€ë‹˜_ë‚˜ë¥´ì‹œì‹œì¦˜_ê¸°ëŒ€ëœë‹¹í› @NA_RCISSISM_ https://t.co/bC4IIDblXX","1806856141793816620","https://pbs.twimg.com/media/GRM-FdfbYAAxy8c.jpg","","en","","0","0","0","https://x.com/strshaula/status/1806856141793816620","1574652100193431552","strshaula"
"1806856749384909209","Sat Jun 29 01:06:33 +0000 2024","1","à¸—à¸¸à¸à¸„à¸™à¸„à¸° ! à¸à¸§à¸à¹€à¸£à¸²à¹€à¸à¹ˆà¸‡à¸¡à¸²à¸à¹€à¸¥à¸¢à¸­à¸°à¸„à¹ˆà¸° â­ï¸ à¸„à¸µà¸¢à¹Œà¹€à¸§à¸´à¸£à¹Œà¸”à¸•à¸´à¸”à¹€à¸—à¸£à¸™à¸”à¹Œà¸—à¸µà¹ˆ #20 à¸‚à¸­à¸‡ worldwide à¸”à¹‰à¸§à¸¢ JAEMIN PHOTOGRAPHER DEBUT #JAEMIN_NARCISSISM #ì¬ë¯¼ì‘ê°€ë‹˜_ë‚˜ë¥´ì‹œì‹œì¦˜_ê¸°ëŒ€ëœë‹¹í› @NA_RCISSISM_ https://t.co/TLlsOslf19","1806856749384909209","https://pbs.twimg.com/media/GRM-opBagAAiMf7.jpg","","th","jaemin and dreamies + ğŸˆğŸˆğŸˆ","0","0","2","https://x.com/f03p18/status/1806856749384909209","1715353443123314688","f03p18"
"1806856758532718686","Sat Jun 29 01:06:35 +0000 2024","0"," JAEMIN PHOTOGRAPHER DEBUT #JAEMIN_NARCISSISM #ì¬ë¯¼ì‘ê°€ë‹˜_ë‚˜ë¥´ì‹œì‹œì¦˜_ê¸°ëŒ€ëœë‹¹í› @NA_RCISSISM_ https://t.co/I7GFF3lGMf","1806856758532718686","https://pbs.twimg.com/media/GRM-pKtbgAAk7fl.jpg","","en","","0","0","0","https://x.com/Sunshine333y/status/1806856758532718686","1041154356467228672","Sunshine333y"
"1806855957583978765","Sat Jun 29 01:03:24 +0000 2024","0","Good Luck!! JAEMIN PHOTOGRAPHER DEBUT #JAEMIN_NARCISSISM #ì¬ë¯¼ì‘ê°€ë‹˜_ë‚˜ë¥´ì‹œì‹œì¦˜_ê¸°ëŒ€ëœë‹¹í› @NA_RCISSISM_ https://t.co/GfQEKiUFID","1806855957583978765","https://pbs.twimg.com/media/GRM94IYbIAAhSM5.jpg","","en","","0","0","0","https://x.com/pukupaw_paw/status/1806855957583978765","1441586123088613377","pukupaw_paw"
"1806856187624947714","Sat Jun 29 01:04:19 +0000 2024","0","JAEMIN PHOTOGRAPHER DEBUT #JAEMIN_NARCISSISM #ì¬ë¯¼ì‘ê°€ë‹˜_ë‚˜ë¥´ì‹œì‹œì¦˜_ê¸°ëŒ€ëœë‹¹í› @NA_RCISSISM_ https://t.co/GVgBKFaYP5","1806856187624947714","https://pbs.twimg.com/media/GRM-H1xbcAExkgk.jpg","","en","","0","2","0","https://x.com/leedghyk/status/1806856187624947714","1734586142618714112","leedghyk"
"1806852894131695932","Sat Jun 29 00:51:14 +0000 2024","491","D-DAY! #Jaemin makes his debut as a photographer at his first ever photo exhibition 'NARCISSISM ' which we've been eagerly anticipating JAEMIN PHOTOGRAPHER DEBUT #JAEMIN_NARCISSISM #ì¬ë¯¼ì‘ê°€ë‹˜_ë‚˜ë¥´ì‹œì‹œì¦˜_ê¸°ëŒ€ëœë‹¹í› @NA_RCISSISM_ https://t.co/m2OyjjglZb","1806852894131695932","https://pbs.twimg.com/media/GRM7H-abgAAf2QN.jpg","","en","ë…¸ë¯¼","0","256","199","https://x.com/duapuIuhtiga/status/1806852894131695932","1453307407694712851","duapuIuhtiga"
"1806854335860789725","Sat Jun 29 00:56:58 +0000 2024","139","NARCISSISM: the 1st photo exhibition by JAEMIN is finally happening after years of planning. what started out as his hobby turned into passion and love for capturing the most beautiful moments of his life #JAEMIN_NARCISISSM #ì¬ë¯¼ì‘ê°€ë‹˜_ë‚˜ë¥´ì‹œì‹œì¦˜_ê¸°ëŒ€ëœë‹¹í› @NA_RCISSISM_ https://t.co/W3rZt6We9e","1806854335860789725","https://pbs.twimg.com/media/GRM8b2Qb0AAuuiS.jpg","","en","","0","1","78","https://x.com/woalsdoll/status/1806854335860789725","1413374011166236672","woalsdoll"
"1806852454493171775","Sat Jun 29 00:49:29 +0000 2024","0","JAEMIN PHOTOGRAPHER DEBUT #JAEMIN_NARCISSISM #ì¬ë¯¼ì‘ê°€ë‹˜_ë‚˜ë¥´ì‹œì‹œì¦˜_ê¸°ëŒ€ëœë‹¹í› @NA_RCISSISM_ https://t.co/272CqYl6qi","1806852454493171775","https://pbs.twimg.com/media/GRM6uqAaEAAv6Nj.jpg","","en","she/her 7Dream blueblooded ","0","0","0","https://x.com/nanaaaily/status/1806852454493171775","1152357132001353729","nanaaaily"
"1806853620647993835","Sat Jun 29 00:54:07 +0000 2024","0","The encapsulation of Jaemin Youth and 7 Years of Photography Journey displayed in a space titled Narcissism. JAEMIN PHOTOGRAPHER DEBUT #JAEMIN_NARCISSISM #ì¬ë¯¼ì‘ê°€ë‹˜_ë‚˜ë¥´ì‹œì‹œì¦˜_ê¸°ëŒ€ëœë‹¹í› @NA_RCISSISM_ https://t.co/gpIJwyR8Co","1806853620647993835","https://pbs.twimg.com/media/GRM7yNda4AAiCg6.jpg","","en","HMH  à¹‹à£­â­‘âœ§Ë–Â°. NJM  à¹‹à£­â­‘âœ§Ë–Â°. OSW","0","0","0","https://x.com/hueofserenity/status/1806853620647993835","540700934","hueofserenity"
"1806854205258211567","Sat Jun 29 00:56:26 +0000 2024","71","MUTIS SI VEN ESTO POR FA DEJEN LOS TAGS PARA JAEMIN JAEMIN PHOTOGRAPHER DEBUT #JAEMIN_NARCISSISM #ì¬ë¯¼ì‘ê°€ë‹˜_ë‚˜ë¥´ì‹œì‹œì¦˜_ê¸°ëŒ€ëœë‹¹í› @NA_RCISSISM_ https://t.co/lMAx9Jgf8h","1806854205258211567","https://pbs.twimg.com/media/GRM8S6MXwAErBDS.jpg","","es","andrea, 20 â€¢ s'her","0","28","10","https://x.com/gyeoulses/status/1806854205258211567","1027718781932642304","gyeoulses"
"1806854413270855791","Sat Jun 29 00:57:16 +0000 2024","0","siapa yg mau nangis bareng? JAEMIN PHOTOGRAPHER DEBUT #JAEMIN_NARCISSISM #ì¬ë¯¼ì‘ê°€ë‹˜_ë‚˜ë¥´ì‹œì‹œì¦˜_ê¸°ëŒ€ëœë‹¹í› @NA_RCISSISM_ https://t.co/Bdn8g0qEMr","1806854413270855791","https://pbs.twimg.com/media/GRM8gehb0AE__qK.jpg","","in","ğ§ğœğ­, ğ«ğ¢ğ¢ğ³ğ, ğ³ğ›ğŸ","0","0","0","https://x.com/jaemluyong/status/1806854413270855791","1315179618366713857","jaemluyong"
"1806854003806134446","Sat Jun 29 00:55:38 +0000 2024","0","JAEMIN PHOTOGRAPHER DEBUT #JAEMIN_NARCISSISM #ì¬ë¯¼ì‘ê°€ë‹˜_ë‚˜ë¥´ì‹œì‹œì¦˜_ê¸°ëŒ€ëœë‹¹í› @NA_RCISSISM_ https://t.co/LQgYVvsD1G","1806854003806134446","https://pbs.twimg.com/media/GRM8It4a4AAEPKZ.jpg","","en","","0","0","0","https://x.com/Daliet_2313/status/1806854003806134446","3224658500","Daliet_2313"
"1806852519546831258","Sat Jun 29 00:49:45 +0000 2024","0","JAEMIN PHOTOGRAPHER DEBUT #JAEMIN_NARCISSISM #ì¬ë¯¼ì‘ê°€ë‹˜_ë‚˜ë¥´ì‹œì‹œì¦˜_ê¸°ëŒ€ëœë‹¹í› @NA_RCISSISM_ https://t.co/hymXRTYgGm","1806852519546831258","https://pbs.twimg.com/media/GRM6yl5bsAAAbNO.jpg","","en","","0","0","0","https://x.com/138MHz/status/1806852519546831258","1488372436093779970","138MHz"
"1806851871937855616","Sat Jun 29 00:47:10 +0000 2024","0","JAEMIN PHOTOGRAPHER DEBUT #JAEMIN_NARCISSISM #ì¬ë¯¼ì‘ê°€ë‹˜_ë‚˜ë¥´ì‹œì‹œì¦˜_ê¸°ëŒ€ëœë‹¹í› @NA_RCISSISM_ https://t.co/GSQT4HhUta","1806851871937855616","https://pbs.twimg.com/media/GRM6M5vbYAAXDOQ.jpg","","en","","0","0","0","https://x.com/138MHz/status/1806851871937855616","1488372436093779970","138MHz"
"1806852997789680061","Sat Jun 29 00:51:39 +0000 2024","0","JAEMIN PHOTOGRAPHER DEBUT #JAEMIN_NARCISSISM #ì¬ë¯¼ì‘ê°€ë‹˜_ë‚˜ë¥´ì‹œì‹œì¦˜_ê¸°ëŒ€ëœë‹¹í› @NA_RCISSISM_ https://t.co/ttbPH799jW","1806852997789680061","https://pbs.twimg.com/media/GRM7OYpbUAAP1ze.jpg","","en","ğŸ¶ğŸ°  | was jenolee_boo","0","0","0","https://x.com/nofourmin/status/1806852997789680061","1403207452527677445","nofourmin"
"1806852174774992932","Sat Jun 29 00:48:22 +0000 2024","0","we love you photographer jaemin JAEMIN PHOTOGRAPHER DEBUT #JAEMIN_NARCISSISM #ì¬ë¯¼ì‘ê°€ë‹˜_ë‚˜ë¥´ì‹œì‹œì¦˜_ê¸°ëŒ€ëœë‹¹í› @NA_RCISSISM_ https://t.co/j8zZBjv7gU","1806852174774992932","https://pbs.twimg.com/media/GRM6eFCbMAAWxZS.jpg","","en","","0","0","0","https://x.com/138MHz/status/1806852174774992932","1488372436093779970","138MHz"
"1806853784871817397","Sat Jun 29 00:54:46 +0000 2024","0","JAEMIN PHOTOGRAPHER DEBUT #JAEMIN_NARCISSISM #ì¬ë¯¼ì‘ê°€ë‹˜_ë‚˜ë¥´ì‹œì‹œì¦˜_ê¸°ëŒ€ëœë‹¹í› @NA_RCISSISM_ https://t.co/sPXyEGoY83","1806853784871817397","https://pbs.twimg.com/media/GRM78E2bYAAJmjV.jpg","","en","she/her","0","0","0","https://x.com/nanamelicano/status/1806853784871817397","1069504080253353984","nanamelicano"
"1806853934184866192","Sat Jun 29 00:55:22 +0000 2024","2","the long awaited narcissism day JAEMIN PHOTOGRAPHER DEBUT #JAEMIN_NARCISSISM #ì¬ë¯¼ì‘ê°€ë‹˜_ë‚˜ë¥´ì‹œì‹œì¦˜_ê¸°ëŒ€ëœë‹¹í› @NA_RCISSISM_ https://t.co/KJnUjRbE5E","1806853934184866192","https://pbs.twimg.com/media/GRM8E5fa8AAgLQg.jpg","","en","she/her ","0","0","1","https://x.com/itznajaem/status/1806853934184866192","2904145596","itznajaem"
"1806853742094143627","Sat Jun 29 00:54:36 +0000 2024","0","JAEMIN PHOTOGRAPHER DEBUT #JAEMIN_NARCISSISM #ì¬ë¯¼ì‘ê°€ë‹˜_ë‚˜ë¥´ì‹œì‹œì¦˜_ê¸°ëŒ€ëœë‹¹í› @NA_RCISSISM_ https://t.co/uqh0TbulF5","1806853742094143627","https://pbs.twimg.com/media/GRM75p5aMAAHi45.jpg","","en","","0","0","0","https://x.com/csjtkk/status/1806853742094143627","1227539995977609216","csjtkk"
"1806853789674344850","Sat Jun 29 00:54:47 +0000 2024","1"," JAEMIN PHOTOGRAPHER DEBUT #JAEMIN_NARCISSISM #ì¬ë¯¼ì‘ê°€ë‹˜_ë‚˜ë¥´ì‹œì‹œì¦˜_ê¸°ëŒ€ëœë‹¹í› @NA_RCISSISM_ https://t.co/CQhM7EKehJ","1806853789674344850","https://pbs.twimg.com/media/GRM76eHacAA4lXF.jpg","","en","","0","1","0","https://x.com/zjmskylight/status/1806853789674344850","819601693","zjmskylight"
"1806854384946712989","Sat Jun 29 00:57:09 +0000 2024","0","JAEMIN PHOTOGRAPHER DEBUT #JAEMIN_NARCISSISM #ì¬ë¯¼ì‘ê°€ë‹˜_ë‚˜ë¥´ì‹œì‹œì¦˜_ê¸°ëŒ€ëœë‹¹í› @NA_RCISSISM_ https://t.co/t3HF2MIWYc","1806854384946712989","https://pbs.twimg.com/media/GRM8fLZbQAA-d8x.jpg","","en","Indonesia","0","0","0","https://x.com/naf91808/status/1806854384946712989","1753085239252144128","naf91808"
"1806853923145412627","Sat Jun 29 00:55:19 +0000 2024","0","kerennnn bgt emng JAEMIN PHOTOGRAPHER DEBUT #JAEMIN_NARCISSISM #ì¬ë¯¼ì‘ê°€ë‹˜_ë‚˜ë¥´ì‹œì‹œì¦˜_ê¸°ëŒ€ëœë‹¹í› @NA_RCISSISM_ https://t.co/N2meTo72tG","1806853923145412627","https://pbs.twimg.com/media/GRM8EEeaIAAGKmG.jpg","","in","","0","0","0","https://x.com/loprinajy/status/1806853923145412627","1720309371593465856","loprinajy"
"1806854266642133359","Sat Jun 29 00:56:41 +0000 2024","2","AAAA FINALLY AFTER THE LONG AWAITED JAEMIN'S EXHIBITION WE SO PROUD OF YOU MA BOY!!! I LOVE YOUUU JAEMIN PHOTOGRAPHER DEBUT #JAEMIN_NARCISSISM #ì¬ë¯¼ì‘ê°€ë‹˜_ë‚˜ë¥´ì‹œì‹œì¦˜_ê¸°ëŒ€ëœë‹¹í› @NA_RCISSISM_ https://t.co/vkzhCKxRmC","1806854266642133359","https://pbs.twimg.com/media/GRM8XvJbcAAuGT6.jpg","","en","RPS ğŸ”","0","0","0","https://x.com/mouarcv/status/1806854266642133359","1663713441893466113","mouarcv"
"1806853224227574161","Sat Jun 29 00:52:33 +0000 2024","0","JAEMIN PHOTOGRAPHER DEBUT #JAEMIN_NARCISSISM #ì¬ë¯¼ì‘ê°€ë‹˜_ë‚˜ë¥´ì‹œì‹œì¦˜_ê¸°ëŒ€ëœë‹¹í› @NA_RCISSISM_ You did it beautiful baby Congratulation. I m so proud of you https://t.co/JTNHOFjmRa","1806853224227574161","https://pbs.twimg.com/media/GRM7bR4b0AAnaw6.jpg","","en","Live Laugh Love 7 Dream","0","0","0","https://x.com/mypuduaecha/status/1806853224227574161","1724299557369241600","mypuduaecha"
"1806853114722709743","Sat Jun 29 00:52:06 +0000 2024","0","D DAY!!! JAEMIN PHOTOGRAPHER DEBUT #JAEMIN_NARCISSISM #ì¬ë¯¼ì‘ê°€ë‹˜_ë‚˜ë¥´ì‹œì‹œì¦˜_ê¸°ëŒ€ëœë‹¹í› @NA_RCISSISM_ https://t.co/b1uAIEO56s","1806853114722709743","https://pbs.twimg.com/media/GRM7VM_b0AAE4tC.jpg","","en","jaeminâ™¡","0","0","0","https://x.com/coffeechuseyo/status/1806853114722709743","1778914287345623040","coffeechuseyo"
"1806850880530161972","Sat Jun 29 00:43:14 +0000 2024","2603","ï¸ JAEMIN PHOTOGRAPHER DEBUT #JAEMIN_NARCISSISM #ì¬ë¯¼ì‘ê°€ë‹˜_ë‚˜ë¥´ì‹œì‹œì¦˜_ê¸°ëŒ€ëœë‹¹í› @NA_RCISSISM_ https://t.co/w1ntL3ylpl","1806850880530161972","https://pbs.twimg.com/ext_tw_video_thumb/1806850850763288576/pu/img/TA0poC_Cl2PChcUK.jpg","","en","","14","334","1433","https://x.com/jjarchiv/status/1806850880530161972","845945503275610113","jjarchiv"
"1806851757038784643","Sat Jun 29 00:46:43 +0000 2024","100","comenten aquÃ­ su foto favorita que jaemin ha tomado de renjun junto con los tags JAEMIN PHOTOGRAPHER DEBUT #JAEMIN_NARCISSISM #ì¬ë¯¼ì‘ê°€ë‹˜_ë‚˜ë¥´ì‹œì‹œì¦˜_ê¸°ëŒ€ëœë‹¹í› @NA_RCISSISM_ https://t.co/aXTUuvQzsZ","1806851757038784643","https://pbs.twimg.com/media/GRM6FfyWsAAVZBY.jpg","","es","â­ï¸ğŸ“·ğŸ§","0","10","25","https://x.com/zqrenchin/status/1806851757038784643","1764432636741623809","zqrenchin"
"1806851443955319223","Sat Jun 29 00:45:28 +0000 2024","34","Congratulations on your Photographer Debut keep it mind that everything is possible as a result of your perseverance and dedication. JAEMIN PHOTOGRAPHER DEBUT #JAEMIN_NARCISSISM #ì¬ë¯¼ì‘ê°€ë‹˜_ë‚˜ë¥´ì‹œì‹œì¦˜_ê¸°ëŒ€ëœë‹¹í› @NA_RCISSISM_ https://t.co/6nNp4likUK","1806851443955319223","https://pbs.twimg.com/media/GRM5zwsaIAA3a-b.jpg","","en","HMH  à¹‹à£­â­‘âœ§Ë–Â°. NJM  à¹‹à£­â­‘âœ§Ë–Â°. OSW","0","35","30","https://x.com/hueofserenity/status/1806851443955319223","540700934","hueofserenity"
"1806850244455403938","Sat Jun 29 00:40:42 +0000 2024","1","Proud is an understatement JAEMIN PHOTOGRAPHER DEBUT #JAEMIN_NARCISSISM #ì¬ë¯¼ì‘ê°€ë‹˜_ë‚˜ë¥´ì‹œì‹œì¦˜_ê¸°ëŒ€ëœë‹¹í› @NA_RCISSISM_ https://t.co/Z4xj3P1vT0","1806850244455403938","https://pbs.twimg.com/media/GRM4t8Cb0AAcbX5.jpg","","en","EXO Planet ft. Dreamville","0","0","0","https://x.com/eds_kjm/status/1806850244455403938","2969135514","eds_kjm"
"1806851420743971020","Sat Jun 29 00:45:23 +0000 2024","0","D-DAY JAEMIN PHOTOGRAPHER DEBUT #JAEMIN_NARCISSISM #ì¬ë¯¼ì‘ê°€ë‹˜_ë‚˜ë¥´ì‹œì‹œì¦˜_ê¸°ëŒ€ëœë‹¹í› @NA_RCISSISM_ https://t.co/spCcRd7MNc","1806851420743971020","https://pbs.twimg.com/media/GRM5ypGbIAAdtxZ.jpg","","en","Jawa Timur, Indonesia","0","2","0","https://x.com/scosemayo_/status/1806851420743971020","1281488480262995969","scosemayo_"
"1806300597899112562","Sat Jun 29 00:46:31 +0000 2024","0","#orderedyh98 ; NARCISSISM : JAEMIN 1st PHOTO EXHIBITION OFFICIAL MD https://t.co/gaVnc1mK9u","1806851708943057339","https://pbs.twimg.com/media/GRM6DKmbMAAJZ6V.jpg","yourhand98","en","Bogor, Indonesia","0","1","0","https://x.com/yourhand98/status/1806851708943057339","1166003885359501312","yourhand98"
"1806847242461974601","Sat Jun 29 00:44:59 +0000 2024","5","@bypinkki @NA_RCISSISM_ JAEMIN PHOTOGRAPHER DEBUT #JAEMIN_NARCISSISM #ì¬ë¯¼ì‘ê°€ë‹˜_ë‚˜ë¥´ì‹œì‹œì¦˜_ê¸°ëŒ€ëœë‹¹í› @NA_RCISSISM_ https://t.co/sP2pP43rN9","1806851323729768625","https://pbs.twimg.com/media/GRM5s-0a0AAKxgg.jpg","bypinkki","en","PHILIPPINES","0","0","0","https://x.com/Lyoonhan/status/1806851323729768625","264806114","Lyoonhan"
"1806850246687023105","Sat Jun 29 00:40:43 +0000 2024","0","PROUD OF YOU NA JAEMIN! JAEMIN PHOTOGRAPHER DEBUT #JAEMIN_NARCISSISM #ì¬ë¯¼ì‘ê°€ë‹˜_ë‚˜ë¥´ì‹œì‹œì¦˜_ê¸°ëŒ€ëœë‹¹í› @NA_RCISSISM_ https://t.co/keCCDC5I5x","1806850246687023105","https://pbs.twimg.com/media/GRM4uSXa0AAZEcC.jpg","","en","","0","0","0","https://x.com/supremynjm/status/1806850246687023105","1335530980828844036","supremynjm"
"1806851127192744293","Sat Jun 29 00:44:13 +0000 2024","0","JAEMIN PHOTOGRAPHER DEBUT #JAEMIN_NARCISSISM #ì¬ë¯¼ì‘ê°€ë‹˜_ë‚˜ë¥´ì‹œì‹œì¦˜_ê¸°ëŒ€ëœë‹¹í› @NA_RCISSISM_ https://t.co/GNICt7XSLH","1806851127192744293","https://pbs.twimg.com/media/GRM5hdpbAAANkC4.jpg","","en","","0","0","0","https://x.com/138MHz/status/1806851127192744293","1488372436093779970","138MHz"
"1806850994648867066","Sat Jun 29 00:43:41 +0000 2024","4","sayangku debut so proud of you na jaemin ï¸ JAEMIN PHOTOGRAPHER DEBUT #JAEMIN_NARCISSISM #ì¬ë¯¼ì‘ê°€ë‹˜_ë‚˜ë¥´ì‹œì‹œì¦˜_ê¸°ëŒ€ëœë‹¹í› @NA_RCISSISM_ https://t.co/ANhdPz8MmO","1806850994648867066","https://pbs.twimg.com/media/GRM5Z1yaIAANJB9.jpg","","en","writing acc only. ","0","0","0","https://x.com/scribblesuit/status/1806850994648867066","1596104328888340480","scribblesuit"
"1806851665087320083","Sat Jun 29 00:46:21 +0000 2024","0","I AM SO READY. TODAY IS NARCISSISM DAY JAEMIN PHOTOGRAPHER DEBUT #JAEMIN_NARCISSISM #ì¬ë¯¼ì‘ê°€ë‹˜_ë‚˜ë¥´ì‹œì‹œì¦˜_ê¸°ëŒ€ëœë‹¹í› @NA_RCISSISM_ https://t.co/Sb6VqdlCDH","1806851665087320083","https://pbs.twimg.com/media/GRM6Ag0bUAAqo8F.jpg","","en","she/her 24","0","0","0","https://x.com/bbynbkh/status/1806851665087320083","1204357686042624001","bbynbkh"
"1806851435134636157","Sat Jun 29 00:45:26 +0000 2024","0","IT S D-DAAAAY! ï¸ JAEMIN PHOTOGRAPHER DEBUT #JAEMIN_NARCISSISM #ì¬ë¯¼ì‘ê°€ë‹˜_ë‚˜ë¥´ì‹œì‹œì¦˜_ê¸°ëŒ€ëœë‹¹í› @NA_RCISSISM_ https://t.co/DlLVbOwsEA","1806851435134636157","https://pbs.twimg.com/media/GRM5zLJaUAAecpz.jpg","","en","nominğŸ«‚dongren","0","0","0","https://x.com/dialogceyi/status/1806851435134636157","1467368409822154753","dialogceyi"
"1806850888583274537","Sat Jun 29 00:43:16 +0000 2024","0","Let s gooooo JAEMIN PHOTOGRAPHER DEBUT #JAEMIN_NARCISSISM #ì¬ë¯¼ì‘ê°€ë‹˜_ë‚˜ë¥´ì‹œì‹œì¦˜_ê¸°ëŒ€ëœë‹¹í› @NA_RCISSISM_ https://t.co/hiokj54UMt","1806850888583274537","https://pbs.twimg.com/media/GRM5TKdaoAALuG-.jpg","","en","","0","2","0","https://x.com/9reen9rass/status/1806850888583274537","1585204917198675968","9reen9rass"
"1806850612367089704","Sat Jun 29 00:42:10 +0000 2024","2","let s go!!! JAEMIN PHOTOGRAPHER DEBUT #JAEMIN_NARCISSISM #ì¬ë¯¼ì‘ê°€ë‹˜_ë‚˜ë¥´ì‹œì‹œì¦˜_ê¸°ëŒ€ëœë‹¹í› @NA_RCISSISM_ https://t.co/ePYqXzlRYL","1806850612367089704","https://pbs.twimg.com/media/GRM5DHpbMAADwL6.jpg","","en","ph â€¢ 20+","0","0","2","https://x.com/nanajaemhaul/status/1806850612367089704","1482709258378842112","nanajaemhaul"
"1806851459268727119","Sat Jun 29 00:45:32 +0000 2024","4","à¹ƒà¸„à¸£à¸œà¹ˆà¸²à¸™à¹„à¸›à¸œà¹ˆà¸²à¸™à¸¡à¸²à¹à¸¥à¹‰à¸§à¹€à¸«à¹‡à¸™à¹‚à¸à¸ªà¸•à¹Œà¸™à¸µà¹‰à¹€à¸£à¸²à¸‚à¸­à¸„à¸™à¸¥à¸°à¸£à¸µ+à¹€à¸¡à¸™à¸Šà¸±à¹ˆà¸™à¹€à¸à¸·à¹ˆà¸­à¹€à¸›à¹‡à¸™à¸à¸³à¸¥à¸±à¸‡à¹ƒà¸ˆà¹ƒà¸«à¹‰à¸„à¸¸à¸“à¹à¸ˆà¸¡à¸´à¸™à¸«à¸™à¹ˆà¸­à¸¢à¹„à¸”à¹‰à¹„à¸«à¸¡à¸„à¸° JAEMIN PHOTOGRAPHER DEBUT #JAEMIN_NARCISSISM #ì¬ë¯¼ì‘ê°€ë‹˜_ë‚˜ë¥´ì‹œì‹œì¦˜_ê¸°ëŒ€ëœë‹¹í› @NA_RCISSISM_ https://t.co/EyOycesxpT","1806851459268727119","https://pbs.twimg.com/media/GRM50gNbUAAAigO.jpg","","th","noren markmin city","0","10","14","https://x.com/mxixlxd23/status/1806851459268727119","1395768491886616582","mxixlxd23"
"1806850905725390935","Sat Jun 29 00:43:20 +0000 2024","0","JAEMIN PHOTOGRAPHER DEBUT #JAEMIN_NARCISSISM #ì¬ë¯¼ì‘ê°€ë‹˜_ë‚˜ë¥´ì‹œì‹œì¦˜_ê¸°ëŒ€ëœë‹¹í› @NA_RCISSISM_ https://t.co/0MqVedziKb","1806850905725390935","https://pbs.twimg.com/media/GRM5T4IbkAAZvkW.jpg","","en","","0","0","0","https://x.com/peachrabbit24/status/1806850905725390935","1571484413854359556","peachrabbit24"
"1806851781663805667","Sat Jun 29 00:46:49 +0000 2024","0","Akhirnya ya Na exhibition kamu opening juga Bangga BANGET POKOKNYAAAA KERENNN MANTAP SEKALIIII JAEMIN PHOTOGRAPHER DEBUT #JAEMIN_NARCISSISM #ì¬ë¯¼ì‘ê°€ë‹˜_ë‚˜ë¥´ì‹œì‹œì¦˜_ê¸°ëŒ€ëœë‹¹í› @NA_RCISSISM_ https://t.co/oUidHSsIXu","1806851781663805667","https://pbs.twimg.com/media/GRM6HDLaoAAT931.jpg","","in","","0","0","0","https://x.com/yyhhnaa/status/1806851781663805667","1314388936320413697","yyhhnaa"
"1806850300575383892","Sat Jun 29 00:40:55 +0000 2024","0","JAEMIN PHOTOGRAPHER DEBUT #JAEMIN_NARCISSISM #ì¬ë¯¼ì‘ê°€ë‹˜_ë‚˜ë¥´ì‹œì‹œì¦˜_ê¸°ëŒ€ëœë‹¹í› @NA_RCISSISM_ https://t.co/X4L3sRspqG","1806850300575383892","https://pbs.twimg.com/media/GRM4xdvbwAAetOh.jpg","","en","HUNCHANNA","0","0","0","https://x.com/Huniechan12/status/1806850300575383892","1572530956363509770","Huniechan12"
"1806850494457069791","Sat Jun 29 00:41:42 +0000 2024","0"," JAEMIN PHOTOGRAPHER DEBUT #JAEMIN_NARCISSISM #ì¬ë¯¼ì‘ê°€ë‹˜_ë‚˜ë¥´ì‹œì‹œì¦˜_ê¸°ëŒ€ëœë‹¹í› @NA_RCISSISM_ https://t.co/HdnaICFBGj","1806850494457069791","https://pbs.twimg.com/media/GRM48c9bAAA7ss1.jpg","","en","","0","0","0","https://x.com/cegukanana/status/1806850494457069791","1494652256","cegukanana"
"1806850353704624460","Sat Jun 29 00:41:08 +0000 2024","1","TODAY IS THE DAY JAEMIN 1ST PHOTO EXHIBITION #JAEMIN_NARCISSISM #NARCISSISM @NA_RCISSISM_ https://t.co/xV3WNcdXax","1806850353704624460","https://pbs.twimg.com/media/GRM40hjboAAod0U.jpg","","en","exo and nct girlfriend ","0","0","0","https://x.com/mygeminist/status/1806850353704624460","1621870004714242053","mygeminist"
"1806849823481446470","Sat Jun 29 00:39:02 +0000 2024","156","gracias por tu hermosa perspectiva sobre renjunie~~ ( ÉÌ´Ì¶Ì· ï½¡ ÉÌ´Ì¶Ì· ) â€§Ëšâ‚Šï¸ ayudemos a las nanadoongies comentando los siguientes tags! JAEMIN PHOTOGRAPHER DEBUT #JAEMIN_NARCISSISM #ì¬ë¯¼ì‘ê°€ë‹˜_ë‚˜ë¥´ì‹œì‹œì¦˜_ê¸°ëŒ€ëœë‹¹í› @NA_RCISSISM_ https://t.co/2oSQ1r9Bl4","1806849823481446470","https://pbs.twimg.com/media/GRM4U6TWoAAehsO.jpg","","es","â­ï¸ğŸ“·ğŸ§","0","15","37","https://x.com/zqrenchin/status/1806849823481446470","1764432636741623809","zqrenchin"
"1806849891022557654","Sat Jun 29 00:39:18 +0000 2024","130","Today is YOUR DAY baby~ Congratulations on your 1st photo exhibition Photographer Na Jaemin! We are so proud of you JAEMIN PHOTOGRAPHER DEBUT #JAEMIN_NARCISSISM #ì¬ë¯¼ì‘ê°€ë‹˜_ë‚˜ë¥´ì‹œì‹œì¦˜_ê¸°ëŒ€ëœë‹¹í› @NA_RCISSISM_ https://t.co/4I3JlnMGIC","1806849891022557654","https://pbs.twimg.com/media/GRM4YK4bYAAiiC8.jpg","","en","","1","100","75","https://x.com/Yourwidia_/status/1806849891022557654","563482663","Yourwidia_"
"1806849382790443257","Sat Jun 29 00:37:17 +0000 2024","0","TODAY ITS D DAY LANCAR TERUS COWOKU SUKSES SELALU JAEMIN PHOTOGRAPHER DEBUT #JAEMIN_NARCISSISM #ì¬ë¯¼ì‘ê°€ë‹˜_ë‚˜ë¥´ì‹œì‹œì¦˜_ê¸°ëŒ€ëœë‹¹í› @NA_RCISSISM_ https://t.co/sijTrqpc9M","1806849382790443257","https://pbs.twimg.com/media/GRM37rCaIAEO_AS.jpg","","in","240518","0","0","0","https://x.com/nayangietokki/status/1806849382790443257","2947678586","nayangietokki"
"1806850169260085569","Sat Jun 29 00:40:24 +0000 2024","0","I'm inspired to share my random sky photos. One of them won during jaemin adobe collab contest. I was still able to use the prize until now for my freelance job JAEMIN PHOTOGRAPHER DEBUT #JAEMIN_NARCISSISM #ì¬ë¯¼ì‘ê°€ë‹˜_ë‚˜ë¥´ì‹œì‹œì¦˜_ê¸°ëŒ€ëœë‹¹í› @NA_RCISSISM_ https://t.co/uURjyBu8oN","1806850169260085569","https://pbs.twimg.com/media/GRM4pyzbAAABf6W.jpg","","en","PHILIPPINES","0","0","0","https://x.com/Lyoonhan/status/1806850169260085569","264806114","Lyoonhan"
"1806849768595022242","Sat Jun 29 00:38:49 +0000 2024","1","à¸ à¸¹à¸¡à¸´à¹ƒà¸ˆà¸¡à¸²à¸à¹€à¸¥à¸¢à¸¢ à¸‚à¸­à¸šà¸„à¸¸à¸“à¸—à¸µà¹ˆà¸•à¸±à¹‰à¸‡à¹ƒà¸ˆà¸—à¸³à¸ªà¸´à¹ˆà¸‡à¸™à¸µà¹‰à¸™à¸°à¸„à¸±à¸š à¸—à¸¸à¸à¸„à¸™à¸Šà¸·à¹ˆà¸™à¸Šà¸­à¸šà¸¡à¸²à¸à¹†à¹€à¸¥à¸¢ à¹à¸ˆà¸¡à¹€à¸à¹ˆà¸‡à¸¡à¸²à¸ à¸¥à¸¹à¸šà¸«à¸±à¸§à¸§à¹† JAEMIN PHOTOGRAPHER DEBUT #JAEMIN_NARCISSISM #ì¬ë¯¼ì‘ê°€ë‹˜_ë‚˜ë¥´ì‹œì‹œì¦˜_ê¸°ëŒ€ëœë‹¹í› https://t.co/STHs8KIcSH","1806849768595022242","https://pbs.twimg.com/media/GRM4SP-bkAAK-Sd.jpg","","th","ìš°ë¦¬ 7ë“œë¦¼","0","0","10","https://x.com/tonyjaem/status/1806849768595022242","2290414357","tonyjaem"
"1806849731412533496","Sat Jun 29 00:38:40 +0000 2024","0","à¸‚à¸­à¹à¸ªà¸”à¸‡à¸„à¸§à¸²à¸¡à¸¢à¸´à¸™à¸”à¸µà¸à¸±à¸šà¸™à¸´à¸—à¸£à¸£à¸¨à¸à¸²à¸£à¸„à¸£à¸±à¹‰à¸‡à¹à¸£à¸à¸‚à¸­à¸‡à¸Šà¹ˆà¸²à¸‡à¸ à¸²à¸à¸™à¸²à¹à¸ˆà¸¡à¸´à¸™à¸”à¹‰à¸§à¸¢à¸™à¸°à¸„à¸° à¸›à¸£à¸°à¸ªà¸šà¸„à¸§à¸²à¸¡à¸ªà¸³à¹€à¸£à¹‡à¸ˆà¸•à¸²à¸¡à¸—à¸µà¹ˆà¸•à¸±à¹‰à¸‡à¹ƒà¸ˆà¹„à¸§à¹‰à¹€à¸¥à¸¢à¸™à¸° à¹€à¸à¹ˆà¸‡à¸¡à¸²à¸à¹†à¹€à¸¥à¸¢ JAEMIN PHOTOGRAPHER DEBUT #JAEMIN_NARCISSISM #ì¬ë¯¼ì‘ê°€ë‹˜_ë‚˜ë¥´ì‹œì‹œì¦˜_ê¸°ëŒ€ëœë‹¹í› @NA_RCISSISM_ https://t.co/SB3b0vutvc","1806849731412533496","https://pbs.twimg.com/media/GRM4QDQb0AAXJ_N.jpg","","th","jeno ","0","0","0","https://x.com/onyour_mayy/status/1806849731412533496","725202793649176576","onyour_mayy"
"1806847267623907558","Sat Jun 29 00:28:52 +0000 2024","0","JAEMIN PHOTOGRAPHER DEBUT #JAEMIN_NARCISSISM #ì¬ë¯¼ì‘ê°€ë‹˜_ë‚˜ë¥´ì‹œì‹œì¦˜_ê¸°ëŒ€ëœë‹¹í› @NA_RCISSISM_ https://t.co/l085lpCBUF","1806847267623907558","https://pbs.twimg.com/media/GRM2AgVaEAAvPRb.jpg","","en","âœ© sbt â€” fa","0","0","0","https://x.com/138carts/status/1806847267623907558","1751878487466774528","138carts"
"1806848285552120276","Sat Jun 29 00:32:55 +0000 2024","0","JAEMIN PHOTOGRAPHER DEBUT #JAEMIN_NARCISSISM #ì¬ë¯¼ì‘ê°€ë‹˜_ë‚˜ë¥´ì‹œì‹œì¦˜_ê¸°ëŒ€ëœë‹¹í› @NA_RCISSISM_ https://t.co/dTRtaXAkrj","1806848285552120276","https://pbs.twimg.com/media/GRM28KgbQAAol98.jpg","","en","indonesia ","0","1","0","https://x.com/xxxbluedrag/status/1806848285552120276","1250079801362108416","xxxbluedrag"
"1806850202600669335","Sat Jun 29 00:40:32 +0000 2024","0","lets go my baby!!!! JAEMIN PHOTOGRAPHER DEBUT #JAEMIN_NARCISSISM #ì¬ë¯¼ì‘ê°€ë‹˜_ë‚˜ë¥´ì‹œì‹œì¦˜_ê¸°ëŒ€ëœë‹¹í› @NA_RCISSISM_ https://t.co/b7dTtvvHlb","1806850202600669335","https://pbs.twimg.com/media/GRM4rx4a4AA3beN.jpg","","en","nomin's bff","0","0","0","https://x.com/lamourjaem/status/1806850202600669335","1668088528285372416","lamourjaem"
"1806849941635272798","Sat Jun 29 00:39:30 +0000 2024","0","JAEMIN PHOTOGRAPHER DEBUT #JAEMIN_NARCISSISM #ì¬ë¯¼ì‘ê°€ë‹˜_ë‚˜ë¥´ì‹œì‹œì¦˜_ê¸°ëŒ€ëœë‹¹í› @NA_RCISSISM_ https://t.co/EGS5cAim5Q","1806849941635272798","https://pbs.twimg.com/media/GRM4Y9la4AAIrsN.jpg","","en","ì¸ë„ë„¤ì‹œì•„","0","0","0","https://x.com/jaemincollect_/status/1806849941635272798","1351884175448580097","jaemincollect_"
"1806848537264886038","Sat Jun 29 00:33:55 +0000 2024","12","JAEMIN PHOTOGRAPHER DEBUT #JAEMIN_NARCISSISM #ì¬ë¯¼ì‘ê°€ë‹˜_ë‚˜ë¥´ì‹œì‹œì¦˜_ê¸°ëŒ€ëœë‹¹í› @NA_RCISSISM_ https://t.co/TdiYBBYjhF","1806848537264886038","https://pbs.twimg.com/media/GRM3K01asAADxwY.jpg","","en","ğ˜€ğ—µğ—²%ğ—µğ—²ğ—¿ â€¢ homophobic dni","0","39","5","https://x.com/pwettywell/status/1806848537264886038","1356978551333941249","pwettywell"
"1806850175530590457","Sat Jun 29 00:40:26 +0000 2024","0","Today is the day JAEMIN PHOTOGRAPHER DEBUT #JAEMIN_NARCISSISM #ì¬ë¯¼ì‘ê°€ë‹˜_ë‚˜ë¥´ì‹œì‹œì¦˜_ê¸°ëŒ€ëœë‹¹í› @NA_RCISSISM_ https://t.co/gSdrAwVVWG","1806850175530590457","https://pbs.twimg.com/media/GRM4qNabYAAAJul.jpg","","en","","0","0","0","https://x.com/bbangsooll/status/1806850175530590457","1362075766641414146","bbangsooll"
"1806850127476498595","Sat Jun 29 00:40:14 +0000 2024","0","JAEMIN PHOTOGRAPHER DEBUT #JAEMIN_NARCISSISM #ì¬ë¯¼ì‘ê°€ë‹˜_ë‚˜ë¥´ì‹œì‹œì¦˜_ê¸°ëŒ€ëœë‹¹í› @NA_RCISSISM_ https://t.co/RxJ3kdgWR6","1806850127476498595","https://pbs.twimg.com/media/GRM4nVwboAAfqEw.jpg","","en","","0","4","0","https://x.com/jaexminno/status/1806850127476498595","1572615450785370121","jaexminno"
"1806850191741632530","Sat Jun 29 00:40:30 +0000 2024","0","D-DAY SO PROUD! JAEMIN PHOTOGRAPHER DEBUT #JAEMIN_NARCISSISM #ì¬ë¯¼ì‘ê°€ë‹˜_ë‚˜ë¥´ì‹œì‹œì¦˜_ê¸°ëŒ€ëœë‹¹í› @NA_RCISSISM_ https://t.co/1dzpji4Fcq","1806850191741632530","https://pbs.twimg.com/media/GRM4q4cbAAEOJt4.jpg","","en","á´á´‹ Êœá´„","0","8","0","https://x.com/rem_arkstar/status/1806850191741632530","1406671123358502912","rem_arkstar"
"1806847630338859106","Sat Jun 29 00:30:19 +0000 2024","0","JAEMIN PHOTOGRAPHER DEBUT #JAEMIN_NARCISSISM #ì¬ë¯¼ì‘ê°€ë‹˜_ë‚˜ë¥´ì‹œì‹œì¦˜_ê¸°ëŒ€ëœë‹¹í› @NA_RCISSISM_ https://t.co/E91HNcmDmq","1806847630338859106","https://pbs.twimg.com/media/GRM2WBPa4AAD5o3.jpg","","en","sbt!","0","6","0","https://x.com/JNJMPOCA/status/1806847630338859106","1680260630727770114","JNJMPOCA"
"1806849764937576490","Sat Jun 29 00:38:48 +0000 2024","48","#NCTDREAM 6/29é–¢é€£ã‚¹ã‚±ã‚¸ãƒ¥ãƒ¼ãƒ«ï¸ â°10:00-#ã‚¸ã‚§ãƒŸãƒ³ æœ¬æ—¥ã‚ˆã‚Šé–‹å‚¬ NARCISSISM : JAEMIN 1st PHOTO EXHIBITION â°20:00-#ãƒ˜ãƒãƒ£ãƒ³ ê¹€ë™ ì´ë™ì˜ ë¨¹2U EP.8 on NCT YouTube â€»19æ™‚~ãƒ‰ãƒªã‚·ãƒ§3 in ã‚·ãƒ³ã‚¬ãƒãƒ¼ãƒ« https://t.co/d6T7vvPLLZ","1806849764937576490","https://pbs.twimg.com/media/GRM4SJ8bIAALvzE.jpg","","ja","","0","0","12","https://x.com/NCTDREAM_FanJP/status/1806849764937576490","1620815271756972032","NCTDREAM_FanJP"
"1806849974271107446","Sat Jun 29 00:39:38 +0000 2024","0","JAEMIN PHOTOGRAPHER DEBUT #JAEMIN_NARCISSISM #ì¬ë¯¼ì‘ê°€ë‹˜_ë‚˜ë¥´ì‹œì‹œì¦˜_ê¸°ëŒ€ëœë‹¹í› @NA_RCISSISM_ https://t.co/bmglbhuyJp","1806849974271107446","https://pbs.twimg.com/media/GRM4eLIawAAaDvW.jpg","","en","Kaum Suami istri setan dni","0","0","0","https://x.com/nanabaragiie/status/1806849974271107446","1528587829949116416","nanabaragiie"
"1806848070203904242","Sat Jun 29 00:32:04 +0000 2024","0","JAEMIN PHOTOGRAPHER DEBUT #JAEMIN_NARCISSISM #ì¬ë¯¼ì‘ê°€ë‹˜_ë‚˜ë¥´ì‹œì‹œì¦˜_ê¸°ëŒ€ëœë‹¹í› @NA_RCISSISM_ https://t.co/sxCnMJaaUq","1806848070203904242","https://pbs.twimg.com/media/GRM2vnmaQAAu7Bx.jpg","","en","kuningan","0","0","0","https://x.com/Jaemjeong_/status/1806848070203904242","1331809863698006016","Jaemjeong_"
"1806849642631774276","Sat Jun 29 00:38:19 +0000 2024","0","JAEMIN PHOTOGRAPHER DEBUT #JAEMIN_NARCISSISM #ì¬ë¯¼ì‘ê°€ë‹˜_ë‚˜ë¥´ì‹œì‹œì¦˜_ê¸°ëŒ€ëœë‹¹í› @NA_RCISSISM_ https://t.co/HPTSF5KwgJ","1806849642631774276","https://pbs.twimg.com/media/GRM4EsmacAAjaVw.jpg","","en","","0","0","0","https://x.com/_itsnsnrf/status/1806849642631774276","1690217119684939776","_itsnsnrf"
"1806849617964970289","Sat Jun 29 00:38:13 +0000 2024","0","congratulations na jaemin proud to see your work. Thank you for your hard work our reliable photographer JAEMIN PHOTOGRAPHER DEBUT #JAEMIN_NARCISSISM #ì¬ë¯¼ì‘ê°€ë‹˜_ë‚˜ë¥´ì‹œì‹œì¦˜_ê¸°ëŒ€ëœë‹¹í› @NA_RCISSISM_ https://t.co/MOTBucFUCg","1806849617964970289","https://pbs.twimg.com/media/GRM4JTpbcAA9znV.jpg","","en","","0","0","0","https://x.com/myfullsun06_/status/1806849617964970289","1701783499500560384","myfullsun06_"
"1806840554036375724","Sat Jun 29 00:02:12 +0000 2024","6552","the long-awaited jaemin s exhibition is finally happening today! JAEMIN PHOTOGRAPHER DEBUT #JAEMIN_NARCISSISM #ì¬ë¯¼ì‘ê°€ë‹˜_ë‚˜ë¥´ì‹œì‹œì¦˜_ê¸°ëŒ€ëœë‹¹í› @NA_RCISSISM_ https://t.co/7n2Ey14VZD","1806840554036375724","https://pbs.twimg.com/media/GRMv6BvasAAZvg-.jpg","","en","","150","645","3769","https://x.com/jjarchiv/status/1806840554036375724","845945503275610113","jjarchiv"
"1806842256697311534","Sat Jun 29 00:08:58 +0000 2024","2761","let's show our support for jaemin's nct! first exhibition JAEMIN PHOTOGRAPHER DEBUT #.JAEMIN_NARCISSISM #.ì¬ë¯¼ì‘ê°€ë‹˜_ë‚˜ë¥´ì‹œì‹œì¦˜_ê¸°ëŒ€ëœë‹¹í› @.NA_RCISSISM_ https://t.co/o23Bg2A7xo","1806842256697311534","https://pbs.twimg.com/media/GRMxdQCbwAA8t2W.jpg","","ko","SEND MF:","5","953","489","https://x.com/nct_menfess/status/1806842256697311534","1275010241017462784","nct_menfess"
"1806843811295031606","Sat Jun 29 00:15:08 +0000 2024","0","D-DAY!!!!!! JAEMIN PHOTOGRAPHER DEBUT #JAEMIN_NARCISSISM #ì¬ë¯¼ì‘ê°€ë‹˜_ë‚˜ë¥´ì‹œì‹œì¦˜_ê¸°ëŒ€ëœë‹¹í› @NA_RCISSISM_ https://t.co/IFJu1xN9Cs","1806843811295031606","https://pbs.twimg.com/media/GRMy2_AacAAVYmZ.jpg","","en","","0","0","0","https://x.com/najaeminO813/status/1806843811295031606","798756061364686848","najaeminO813"
"1806843182182781259","Sat Jun 29 00:12:38 +0000 2024","7","the day has arrived!! make sure to support jaemin today with the hashtags!! JAEMIN PHOTOGRAPHER DEBUT #JAEMIN_NARCISSISM #ì¬ë¯¼ì‘ê°€ë‹˜_ë‚˜ë¥´ì‹œì‹œì¦˜_ê¸°ëŒ€ëœë‹¹í› @NA_RCISSISM_ https://t.co/yiov5xUckL","1806843182182781259","https://pbs.twimg.com/media/GRMyTCjXkAA16a_.jpg","","en","","0","1","3","https://x.com/jaemthink/status/1806843182182781259","1338511019258372097","jaemthink"
"1806843244720033892","Sat Jun 29 00:12:53 +0000 2024","0","i hope everything goes smoothly JAEMIN PHOTOGRAPHER DEBUT #JAEMIN_NARCISSISM #ì¬ë¯¼ì‘ê°€ë‹˜_ë‚˜ë¥´ì‹œì‹œì¦˜_ê¸°ëŒ€ëœë‹¹í› @NA_RCISSISM_ https://t.co/B0reZIdSVo","1806843244720033892","https://pbs.twimg.com/media/GRMyWS9bYAAWZ3Y.jpg","","en","dreamland","0","0","0","https://x.com/njmorous/status/1806843244720033892","1079729265841590272","njmorous"
"1806841534584852861","Sat Jun 29 00:06:05 +0000 2024","2156","let s show our support for jaemin s first exhibition JAEMIN PHOTOGRAPHER DEBUT #JAEMIN_NARCISSISM #ì¬ë¯¼ì‘ê°€ë‹˜_ë‚˜ë¥´ì‹œì‹œì¦˜_ê¸°ëŒ€ëœë‹¹í› @NA_RCISSISM_ https://t.co/vYFpg8hWAF","1806841534584852861","https://pbs.twimg.com/media/GRMwzPuaEAAxmuM.jpg","","en","","14","510","1254","https://x.com/jjarchiv/status/1806841534584852861","845945503275610113","jjarchiv"
"1806842210673156261","Sat Jun 29 00:08:47 +0000 2024","0","JAEMIN PHOTOGRAPHER DEBUT #JAEMIN_NARCISSISM #ì¬ë¯¼ì‘ê°€ë‹˜_ë‚˜ë¥´ì‹œì‹œì¦˜_ê¸°ëŒ€ëœë‹¹í› @NA_RCISSISM_ https://t.co/XdZF2okqdI","1806842210673156261","https://pbs.twimg.com/media/GRMxaekbQAAyrgs.jpg","","en","9teen","0","0","0","https://x.com/nanaakyoong/status/1806842210673156261","1312429964063506433","nanaakyoong"
"1806843448965915019","Sat Jun 29 00:13:42 +0000 2024","0","JAEMIN PHOTOGRAPHER DEBUT #JAEMIN_NARCISSISM #ì¬ë¯¼ì‘ê°€ë‹˜_ë‚˜ë¥´ì‹œì‹œì¦˜_ê¸°ëŒ€ëœë‹¹í› @NA_RCISSISM_ https://t.co/ZvZPAccbGn","1806843448965915019","https://pbs.twimg.com/media/GRMyiXVbEAAhiX6.jpg","","en","she/her ","0","0","0","https://x.com/nanajaemion/status/1806843448965915019","1265833103416844288","nanajaemion"
"1806843389561983151","Sat Jun 29 00:13:28 +0000 2024","0","JAEMIN PHOTOGRAPHER DEBUT #JAEMIN_NARCISSISM #ì¬ë¯¼ì‘ê°€ë‹˜_ë‚˜ë¥´ì‹œì‹œì¦˜_ê¸°ëŒ€ëœë‹¹í› @NA_RCISSISM_ https://t.co/tLVR0ZwL3c","1806843389561983151","https://pbs.twimg.com/media/GRMye81a0AA2p11.jpg","","en","04 â€¢ she / her â€¢ nomin ğŸ¤","0","0","0","https://x.com/loveishosh/status/1806843389561983151","1306791127937249285","loveishosh"
"1806844088580546886","Sat Jun 29 00:16:14 +0000 2024","0","D-DAAAY!!! I'M SOOO PROUD OF YOU JAEMIN JAEMIN PHOTOGRAPHER DEBUT #JAEMIN_NARCISSISM #ì¬ë¯¼ì‘ê°€ë‹˜_ë‚˜ë¥´ì‹œì‹œì¦˜_ê¸°ëŒ€ëœë‹¹í› @NA_RCISSISM_ https://t.co/Qc6bV939us","1806844088580546886","https://pbs.twimg.com/media/GRMzH0YboAEsGUf.jpg","","en","DNF IF U HATE ANY DREAM MEM !!","0","0","0","https://x.com/loveleejaem/status/1806844088580546886","1596363470030901248","loveleejaem"
"1806844336996340025","Sat Jun 29 00:17:14 +0000 2024","0","JAEMIN PHOTOGRAPHER DEBUT #JAEMIN_NARCISSISM #ì¬ë¯¼ì‘ê°€ë‹˜_ë‚˜ë¥´ì‹œì‹œì¦˜_ê¸°ëŒ€ëœë‹¹í› @NA_RCISSISM_ https://t.co/VegSE4C8Ar","1806844336996340025","https://pbs.twimg.com/media/GRMzVdBaYAAiJdY.jpg","","en","","0","0","0","https://x.com/yyhhnaa/status/1806844336996340025","1314388936320413697","yyhhnaa"
"1806842607752094064","Sat Jun 29 00:10:21 +0000 2024","0","à¸™à¸²à¹à¸ˆà¸¡à¸´à¸™à¸”à¸µà¸—à¸µà¹ˆà¸ªà¸¸à¸” à¸ à¸¹à¸¡à¸´à¹ƒà¸ˆà¹ƒà¸™à¸•à¸±à¸§à¸„à¸¸à¸“à¸¡à¸²à¸ à¹† à¸£à¸±à¸à¸™à¸° JAEMIN PHOTOGRAPHER DEBUT #JAEMIN_NARCISSISM #ì¬ë¯¼ì‘ê°€ë‹˜_ë‚˜ë¥´ì‹œì‹œì¦˜_ê¸°ëŒ€ëœë‹¹í› @NA_RCISSISM_ https://t.co/g2KK5Ujauu","1806842607752094064","https://pbs.twimg.com/media/GRMxxgia8AAz_Ux.jpg","","th","à¹à¸ˆà¸¡à¸¡à¸µà¹ˆà¸”à¸µà¸—à¸µà¹ˆà¸ªà¸¸à¸”, à¸£à¸±à¸à¸ˆà¹‰à¸­à¸à¹„à¸›à¸§à¸±à¸™ à¹†","0","0","0","https://x.com/921mp/status/1806842607752094064","914686044435496960","921mp"
"1806842666669490432","Sat Jun 29 00:10:35 +0000 2024","9","Today is the most awaited day namely the opening day of the Jaemin NARCISSISM exhibition!! from Jaeminie's planning effort and hard work I hope everything goes smoothly and successfully and I hope everyone can praise and appreciate Jaemin's work he deserves a lot of loveâ€¼ï¸ï¸ https://t.co/5sw8zZEZAc","1806842666669490432","https://pbs.twimg.com/media/GRMx08dasAAYniO.jpg","","en","","0","0","1","https://x.com/naaciki/status/1806842666669490432","1742711456460857344","naaciki"
"1806842062253572247","Sat Jun 29 00:08:11 +0000 2024","3","D-DAY!!!! JAEMIN PHOTOGRAPHER DEBUT #JAEMIN_NARCISSISM #ì¬ë¯¼ì‘ê°€ë‹˜_ë‚˜ë¥´ì‹œì‹œì¦˜_ê¸°ëŒ€ëœë‹¹í› @NA_RCISSISM_ https://t.co/ve9zOiY1IJ","1806842062253572247","https://pbs.twimg.com/media/GRMxRrKaoAA_BGQ.jpg","","en","ì  ì¼
rps","0","18","1","https://x.com/ainavirie/status/1806842062253572247","1538502339392176128","ainavirie"
"1806844199326896240","Sat Jun 29 00:16:41 +0000 2024","10","JAEMIN PHOTOGRAPHER DEBUT #JAEMIN_NARCISSISM #ì¬ë¯¼ì‘ê°€ë‹˜_ë‚˜ë¥´ì‹œì‹œì¦˜_ê¸°ëŒ€ëœë‹¹í› @NA_RCISSISM_ https://t.co/DJOwj49PBA","1806844199326896240","https://pbs.twimg.com/media/GRMzNxda4AANf-N.jpg","","en","njm, lyy and more!","0","19","9","https://x.com/darIingnana/status/1806844199326896240","2479815091","darIingnana"
"1806841822443913426","Sat Jun 29 00:07:14 +0000 2024","0","JAEMIN PHOTOGRAPHER DEBUT #JAEMIN_NARCISSISM #ì¬ë¯¼ì‘ê°€ë‹˜_ë‚˜ë¥´ì‹œì‹œì¦˜_ê¸°ëŒ€ëœë‹¹í› @NA_RCISSISM_ https://t.co/iavOdvBoCw","1806841822443913426","https://pbs.twimg.com/media/GRMxD5IaAAAQYU-.jpg","","en","hatijaemin","0","0","0","https://x.com/jaeminlii/status/1806841822443913426","1540517727651057665","jaeminlii"
"1806840059242697030","Sat Jun 29 00:00:14 +0000 2024","684","D-Day todayï¸â€ Drop the tags: JAEMIN PHOTOGRAPHER DEBUT #JAEMIN_NARCISSISM #ì¬ë¯¼ì‘ê°€ë‹˜_ë‚˜ë¥´ì‹œì‹œì¦˜_ê¸°ëŒ€ëœë‹¹í› @NA_RCISSISM_ https://t.co/6JEvsqBCzB","1806840059242697030","https://pbs.twimg.com/media/GRMvdCDaoAAybd6.jpg","","en","","16","749","595","https://x.com/hourlyjaeminn/status/1806840059242697030","1546116204582125568","hourlyjaeminn"
"1806844184663597449","Sat Jun 29 00:16:37 +0000 2024","0","we are so proud of you our photographer jaemin! JAEMIN PHOTOGRAPHER DEBUT #JAEMIN_NARCISSISM #ì¬ë¯¼ì‘ê°€ë‹˜_ë‚˜ë¥´ì‹œì‹œì¦˜_ê¸°ëŒ€ëœë‹¹í› @NA_RCISSISM_ https://t.co/LXd3Yk4SyA","1806844184663597449","https://pbs.twimg.com/media/GRMzM3ZawAASoON.jpg","","en","dreamville resident #813","0","0","0","https://x.com/jaemifs/status/1806844184663597449","1400401417874014213","jaemifs"
"1806842147213316111","Sat Jun 29 00:08:32 +0000 2024","15"," JAEMIN PHOTOGRAPHER DEBUT #JAEMIN_NARCISSISM #ì¬ë¯¼ì‘ê°€ë‹˜_ë‚˜ë¥´ì‹œì‹œì¦˜_ê¸°ëŒ€ëœë‹¹í› @NA_RCISSISM_ https://t.co/pqvAArVowC","1806842147213316111","https://pbs.twimg.com/media/GRMxWpDaUAAh9XX.jpg","","en","","0","21","12","https://x.com/zjmskylight/status/1806842147213316111","819601693","zjmskylight"
"1806844138043621538","Sat Jun 29 00:16:26 +0000 2024","2","So proud of him! JAEMIN PHOTOGRAPHER DEBUT #JAEMIN_NARCISSISM #ì¬ë¯¼ì‘ê°€ë‹˜_ë‚˜ë¥´ì‹œì‹œì¦˜_ê¸°ëŒ€ëœë‹¹í› @NA_RCISSISM_ https://t.co/gWq2clUv0h","1806844138043621538","https://pbs.twimg.com/media/GRMzK0iXYAAnwGq.jpg","","en","Richmond, VA","0","0","0","https://x.com/VAGoalieMom30/status/1806844138043621538","575484745","VAGoalieMom30"
"1806840005731467491","Sat Jun 29 00:00:01 +0000 2024","3212","let's show our support for jaemin's first exhibition! JAEMIN PHOTOGRAPHER DEBUT #JAEMIN_NARCISSISM #ì¬ë¯¼ì‘ê°€ë‹˜_ë‚˜ë¥´ì‹œì‹œì¦˜_ê¸°ëŒ€ëœë‹¹í› @NA_RCISSISM_ https://t.co/5AfP5P6lIp","1806840005731467491","https://pbs.twimg.com/media/GRKTLQ7bcAAphZM.jpg","","en","ğŸ”• | archives in â™¡ ","41","1180","1702","https://x.com/archivesnjm/status/1806840005731467491","1453225309352955913","archivesnjm"
