conversation_id_str,created_at,favorite_count,full_text,id_str,image_url,in_reply_to_screen_name,lang,location,quote_count,reply_count,retweet_count,tweet_url,user_id_str,username
1.81613E+18,Wed Jul 24 15:01:19 +0000 2024,6018,has anybody seen jaemin https://t.co/304TmX3qRd,1.81613E+18,https://pbs.twimg.com/media/GTQtcO-aYAAbEMa.jpg,,en,,84,3,2153,https://x.com/njaeminlands/status/1816126523180736864,1.6625E+18,njaeminlands
1.81612E+18,Wed Jul 24 14:33:40 +0000 2024,5081,you know what jeno s team could ve easily won the game with their skills combined but they were too busy laughing cause mark jaemin and jisung were TOO FUNNY and i get it so much it s not their fault https://t.co/OAsLFZ8fCn,1.81612E+18,https://pbs.twimg.com/ext_tw_video_thumb/1816114191327182848/pu/img/Z1K74BCdav4stMCZ.jpg,,en,,105,1,1257,https://x.com/njaeminlands/status/1816119563773435923,1.6625E+18,njaeminlands
1.8161E+18,Wed Jul 24 13:05:45 +0000 2024,79,ùíâùíÜùíçùíë ùëπùëª ùíÇùíèùíÖ ùíçùíäùíåùíÜ hai aku mau share FREEBIES online bantu habisin yhh Jaemin birthday https://t.co/L5ZfrfOdkX Leo Boys https://t.co/GITTsRpgi9 Narcissism 1 https://t.co/xoLL7t4OsO Narcissism 2 https://t.co/LERILZE26r boleh co yg kalian suka ya https://t.co/BttB8rytkf,1.8161E+18,https://pbs.twimg.com/media/GTQS_SgagAE3lzY.jpg,,in,"Surakarta, Jawa Tengah",1,26,45,https://x.com/adanunna/status/1816097439981641771,1.15043E+18,adanunna
1.81602E+18,Wed Jul 24 08:01:50 +0000 2024,14, NARCISSISM &amp; Jaemin Exhibition TWO SIDES in JKT FREEBIES SUPPORT by @jerknolee [ rt &amp; like are appreciated] Ô∏è : 8 sept '24 : online &amp; offline Ôæü10 packs online &amp; 10 packs offline Ôæüdetail information on pic Ôæügfrom link TBA see you at the exhibition princess! https://t.co/8UbYcbWFbf,1.81602E+18,https://pbs.twimg.com/media/GTPNWXHbkAAqKcF.jpg,,ja,wts pc,1,2,9,https://x.com/jerknolee/status/1816020954687922240,770694571,jerknolee
1.81594E+18,Wed Jul 24 02:23:43 +0000 2024,27,„Äö USA GO „Äõ #Jaemin | pls rt! Jaemin Narcissism x ITZAVIBE ~* pricing: 15.00 - 65.00 ~* deadline: july 24th @ 11:59pm cst or cap: 20 joiners ~* https://t.co/1wh7uPjLHH https://t.co/ZrSzw8OGjf,1.81594E+18,https://pbs.twimg.com/media/GTN_y3VWAAAn4kC.jpg,,en,kansas city - cst | desi,2,0,2,https://x.com/haajiGOs/status/1815935864217985386,1.1719E+18,haajiGOs
1.81612E+18,Wed Jul 24 14:16:58 +0000 2024,82,Ô∏èNCT FREEBIES FREE CLAIMÔ∏è Help re-tweet are apreciated. Detail freebies ada di thread ini ya NCT Dream Anniversary https://t.co/ZcvSPB56IQ Mark Birthday https://t.co/guXoqEWY4O Jaemin Birthday https://t.co/8WFJAmBH5H Narcissism https://t.co/txancalufk Thank you love https://t.co/MIHRtHLqxU,1.81612E+18,https://pbs.twimg.com/media/GTQif8IaYAAonKg.jpg,,en,,1,4,55,https://x.com/rinaisandikala/status/1816115362737578209,1.55194E+18,rinaisandikala
1.81599E+18,Wed Jul 24 06:18:36 +0000 2024,4,[pls RT] ‡∏£‡∏±‡∏ö‡∏´‡∏¥‡πâ‡∏ß‡∏ô‡∏¥‡∏ó‡∏£‡∏£‡∏®‡∏Å‡∏≤‡∏£‡πÅ‡∏à‡∏°‡∏¥‡∏ô NARCISSISM ‡πÄ‡∏£‡∏≤‡πÄ‡∏Ç‡πâ‡∏≤2‡∏£‡∏≠‡∏ö 26 ‡∏Å‡∏±‡∏ö 29 ‡∏Ñ‡πà‡∏≤ ‡∏£‡∏≤‡∏Ñ‡∏≤‡∏ï‡∏≤‡∏°‡∏†‡∏≤‡∏û‡πÄ‡∏•‡∏¢‡∏Ñ‡πà‡∏∞ ‡πÄ‡∏Å‡πá‡∏ö‡∏£‡∏≠‡∏ö‡πÄ‡∏î‡∏µ‡∏¢‡∏ß ‡∏à‡πà‡∏≤‡∏¢‡πÄ‡∏ï‡πá‡∏° ‡∏Ç‡∏≠‡∏á‡∏´‡∏°‡∏î‡∏Ñ‡∏∑‡∏ô100% ‡∏ô‡∏±‡∏î‡∏£‡∏±‡∏ö‡∏™‡∏¢‡∏≤‡∏°/‡∏•‡∏≤‡∏î‡∏û‡∏£‡πâ‡∏≤‡∏ß (‡∏ô‡∏±‡∏î‡∏£‡∏±‡∏ö‡πÅ‡∏ñ‡∏°‡πÇ‡∏õ‡∏™‡∏Ñ‡∏≠‡∏ô TDS3) ‡∏Ñ‡πà‡∏≤‡∏™‡πà‡∏á 50-. ‡∏õ‡∏¥‡∏î‡∏£‡∏±‡∏ö 25/07 ‡πÄ‡∏ß‡∏•‡∏≤ 20.00 ‡πÑ‡∏ó‡∏¢ ‡∏™‡∏ô‡πÉ‡∏àDM #JAEMIN_NARCISSISM #‡∏ï‡∏•‡∏≤‡∏î‡∏ô‡∏±‡∏înctdream #‡∏ï‡∏•‡∏≤‡∏î‡∏ô‡∏±‡∏înct https://t.co/kQPUWFSc4w,1.81599E+18,https://pbs.twimg.com/media/GTO1zVyacAAPZ2G.jpg,,th,,0,6,5,https://x.com/onyouri__ce/status/1815994977438294142,121051812,onyouri__ce
1.81604E+18,Wed Jul 24 09:08:48 +0000 2024,9,‡∏™‡πà‡∏á‡∏ï‡πà‡∏≠‡∏™‡∏¥‡∏ó‡∏ò‡∏¥‡πå NARCISSISM : JAEMIN 1st PHOTO EXHIBITION LP POSTER SET ‡πÄ‡∏à‡πÇ‡∏ô‡πà JENO 1 - 660‡∏ø ‡πÅ‡∏à‡∏°‡∏¥‡∏ô JAEMIN 1 - 660‡∏ø ‡πÄ‡∏£‡∏≤‡∏ã‡∏∑‡πâ‡∏≠‡∏Å‡∏±‡∏ö‡∏£‡πâ‡∏≤‡∏ô @/jenbiverse ‡πÄ‡∏õ‡∏•‡∏µ‡πà‡∏¢‡∏ô‡∏ó‡∏µ‡πà‡∏≠‡∏¢‡∏π‡πà‡πÉ‡∏´‡πâ‡πÄ‡∏•‡∏¢‡∏Ñ‡πà‡∏≤ ‡∏£‡∏±‡∏ö‡∏Ñ‡∏π‡πà‡∏Å‡πà‡∏≠‡∏ô‡∏ô‡∏∞‡∏Ñ‡∏∞ ‡πÄ‡∏£‡∏≤‡∏≠‡∏≠‡∏Å‡∏Ñ‡πà‡∏≤‡∏™‡πà‡∏á‡πÉ‡∏´‡πâ‡∏Ñ‡πà‡∏∞ #‡∏ï‡∏•‡∏≤‡∏î‡∏ô‡∏±‡∏înct #‡∏ï‡∏•‡∏≤‡∏î‡∏ô‡∏±‡∏înctdream #JAEMIN_NARCISSISM https://t.co/7Ivc5wNkgH,1.81604E+18,https://pbs.twimg.com/media/GTPcwkcaYAENz9W.jpg,,und,neo cookie technologyüç™ÔΩ°‚ó†‚Äø‚ó†ÔΩ°üç™,2,4,2,https://x.com/mytriplejay/status/1816037809104511440,1.4163E+18,mytriplejay
1.81596E+18,Wed Jul 24 03:53:18 +0000 2024,405,‡∏ô‡∏≠‡∏Å‡∏à‡∏≤‡∏Å‡∏à‡∏∞‡πÄ‡∏õ‡πá‡∏ô‡∏®‡∏¥‡∏•‡∏õ‡∏¥‡∏ô ‡∏ô‡∏±‡∏Å‡πÅ‡∏™‡∏î‡∏á ‡∏ô‡∏≤‡∏¢‡πÅ‡∏ö‡∏ö ‡∏ä‡πà‡∏≤‡∏á‡∏†‡∏≤‡∏û ‡πÄ‡∏à‡πâ‡∏≤‡∏Ç‡∏≠‡∏á‡∏ô‡∏¥‡∏ó‡∏£‡∏£‡∏®‡∏Å‡∏≤‡∏£ ‡πÅ‡∏•‡πâ‡∏ß‡∏¢‡∏±‡∏á‡πÄ‡∏õ‡πá‡∏ô‡∏•‡∏π‡∏Å‡∏ä‡∏¥‡πâ‡∏ô‡∏î‡πâ‡∏ß‡∏¢‡∏ô‡∏∞ ‡πÄ‡∏Å‡πà‡∏á‡∏≠‡∏∞ NARCISSISM BY NA JAEMIN #JAEMIN_NARCISSISM @NA_RCISSISM_ https://t.co/GW8uCpk37E,1.81596E+18,https://pbs.twimg.com/ext_tw_video_thumb/1775873601838915585/pu/img/6ttRX81SnLmyJZF1.jpg,,th,,2,100,886,https://x.com/baepna/status/1815958410011238575,3267928549,baepna
1.81592E+18,Wed Jul 24 01:22:42 +0000 2024,8,Day 26 ‡πÅ‡∏•‡πâ‡∏ß‡∏†‡∏≤‡∏û‡∏ó‡∏µ‡πà‡πÅ‡∏à‡∏°‡∏¥‡∏ô‡∏ñ‡πà‡∏≤‡∏¢‡∏¢‡∏±‡∏á‡∏™‡∏ß‡∏¢‡∏á‡∏≤‡∏°‡πÄ‡∏™‡∏°‡∏≠‡∏ï‡∏±‡πâ‡∏á‡πÅ‡∏ï‡πà‡∏ß‡∏±‡∏ô‡πÅ‡∏£‡∏Å‡∏à‡∏ô‡∏ñ‡∏∂‡∏á‡∏ß‡∏±‡∏ô‡∏ô‡∏µ‡πâ‡πÄ‡∏•‡∏¢‡∏ô‡∏∞‡∏Ñ‡∏ô‡πÄ‡∏Å‡πà‡∏á ‡∏†‡∏π‡∏°‡∏¥‡πÉ‡∏à‡πÉ‡∏ô‡∏ï‡∏±‡∏ß‡πÅ‡∏à‡∏°‡∏¥‡∏ô‡∏°‡∏≤‡∏Å‡πÜ‡∏ô‡∏∞ ‡∏´‡∏ß‡∏±‡∏á‡∏ß‡πà‡∏≤‡πÉ‡∏ô‡∏≠‡∏ô‡∏≤‡∏Ñ‡∏ï‡∏à‡∏∞‡πÑ‡∏î‡πâ‡∏ó‡∏≥‡∏≠‡∏∞‡πÑ‡∏£‡∏ó‡∏µ‡πà‡∏ä‡∏≠‡∏ö‡πÄ‡∏¢‡∏≠‡∏∞‡πÜ‡πÅ‡∏•‡∏∞‡πÄ‡∏ï‡∏¥‡∏ö‡πÇ‡∏ï‡∏≠‡∏¢‡πà‡∏≤‡∏á‡∏°‡∏µ‡∏Ñ‡∏ß‡∏≤‡∏°‡∏™‡∏∏‡∏Ç‡∏ô‡∏∞‡πÅ‡∏à‡∏°‡∏¥‡∏ô I will always be by your side. NARCISSISM BY NA JAEMIN #JAEMIN_NARCISSISM @NA_RCISSISM_ https://t.co/9gvo8muhQm,1.81592E+18,https://pbs.twimg.com/ext_tw_video_thumb/1815204898910416896/pu/img/RYAFMOLtHF8MUAnw.jpg,,th,,0,1,25,https://x.com/mintthyr/status/1815920508527075751,1.17709E+18,mintthyr
1.8161E+18,Wed Jul 24 13:08:36 +0000 2024,1801,: Is it Nana as in narcissism : I was always Nana Na Jaemin! https://t.co/lqD9PDvFqm,1.8161E+18,https://pbs.twimg.com/media/GTQTpIgaYAASFVz.jpg,,en,JM & IU only‚ú®,9,1,585,https://x.com/seimeizu/status/1816098157820010514,1503820092,seimeizu
1.81594E+18,Wed Jul 24 02:55:27 +0000 2024,433,Snackpaper x Jaemin Q&amp;A (Full Trans) If I could describe myself at this stage of my life with an adjective I think it would be The most shining moment https://t.co/KYZgEVaDR6 #SNACKPAPERxJAEMIN https://t.co/Q1xFo9fykm,1.81594E+18,https://pbs.twimg.com/media/GTOHBMIaYAQKrnu.jpg,,en,HMH  ‡πã‡£≠‚≠ë‚úßÀñ¬∞. NJM  ‡πã‡£≠‚≠ë‚úßÀñ¬∞. OSW,24,1,359,https://x.com/hueofserenity/status/1815943852236366250,540700934,hueofserenity
1.81614E+18,Wed Jul 24 15:56:32 +0000 2024,10,üáÆüá© INA G.O. „Ö° nct dream jaemin x itzavibe po narcissism exhibition goods : 260k~1140k : jakarta „Ö° j&amp;t shopee : bca dana jenius mandiri qris : incl packing fee : close po july 27th @ 4pm est ems tax dp pricelist details &amp; how to order ‚¨áÔ∏è #dalbitgo https://t.co/pPw5VZiRuL,1.81614E+18,https://pbs.twimg.com/media/GTQ6FE9bwAAXr2C.jpg,,en,jkt dps „Ö° üá∞üá∑üáπüá≠üáØüáµüá®üá≥,2,1,1,https://x.com/dalbitdotco/status/1816140416649158974,1.17864E+18,dalbitdotco
1.81606E+18,Wed Jul 24 10:32:57 +0000 2024,13,(Rt ‡∏™‡∏∏‡πà‡∏°‡πÅ‡∏à‡∏Å 1 ‡πÄ‡∏•‡πà‡∏°) Preorder ‡∏£‡∏≠‡∏ö event* narcissism magazine ver. 583‡∏ø (‡πÄ‡∏Å‡πá‡∏ö‡∏£‡∏≠‡∏ö‡πÄ‡∏î‡∏µ‡∏¢‡∏ß) *‡∏™‡πà‡∏á‡∏ü‡∏£‡∏µ ‡∏°‡∏±‡∏î‡∏à‡∏≥ 300 ‡∏ô‡∏±‡∏î‡∏£‡∏±‡∏ö/‡∏õ‡∏ì ‡∏™‡∏ô‡πÉ‡∏à‡∏™‡∏±‡πà‡∏á‡∏ã‡∏∑‡πâ‡∏≠‡∏ó‡∏≤‡∏á dm‡∏Ñ‡πà‡∏∞ ‡∏™‡∏¥‡∏ô‡∏Ñ‡πâ‡∏≤‡πÄ‡∏õ‡πá‡∏ô‡∏û‡∏£‡∏µ‡∏≠‡∏≠‡πÄ‡∏î‡∏≠‡∏£‡πå‡∏ô‡∏∞‡∏Ñ‡∏∞ ‡πÑ‡∏î‡πâ‡∏Ç‡∏≠‡∏á‡∏ä‡πà‡∏ß‡∏á‡πÄ‡∏î‡∏∑‡∏≠‡∏ô 11 #‡∏ï‡∏•‡∏≤‡∏î‡∏ô‡∏±‡∏înctdream #‡∏ï‡∏•‡∏≤‡∏î‡∏ô‡∏±‡∏înct #‡∏ï‡∏•‡∏≤‡∏î‡∏ô‡∏±‡∏î‡∏≠‡∏ã‡∏ó #JAEMIN_NARCISSISM https://t.co/iEfDej7LSh,1.81606E+18,https://pbs.twimg.com/media/GTPwBY6aYAIvfTz.jpg,,th,ùìÇùìéùíø,1,0,106,https://x.com/myppyr/status/1816058986954907926,1.57737E+18,myppyr
1.81591E+18,Wed Jul 24 00:47:50 +0000 2024,40,Day 26 wow so gakkawo NARCISSISM BY NA JAEMIN #JAEMIN_NARCISSISM @NA_RCISSISM_ https://t.co/FEIjPxfsn7,1.81591E+18,https://pbs.twimg.com/ext_tw_video_thumb/1421051646314876932/pu/img/bqoorVohDJ5OxjWa.jpg,,tl,,0,6,55,https://x.com/jjineffable/status/1815911736165466541,1.04893E+18,jjineffable
1.81605E+18,Wed Jul 24 09:37:58 +0000 2024,8,7DREAM LP POSTER SET #NCTDREAM #JAEMIN_NARCISSISM https://t.co/HrfX32lrR9,1.81605E+18,https://pbs.twimg.com/media/GTPjWBnbYAAC-wk.jpg,,en,üêπ Ïò§ÎûòÎ≥¥Í≥†Ïã∂Ïñ¥ üêπ ,0,0,2,https://x.com/jaemjenjjwi/status/1816045146812866941,1.35553E+18,jaemjenjjwi
1.81591E+18,Wed Jul 24 00:26:39 +0000 2024,360,Snackpaper x Jaemin Q&amp;A If the sharing cookies are magical what type of interesting magic do you believe will occur when you eat them? #JAEMIN - I wish I could have the ability to communicate with cats. https://t.co/KYZgEVaDR6 https://t.co/1vU9iAiSZt,1.81591E+18,https://pbs.twimg.com/media/GTNlF7ZXkAAjx2w.jpg,,en,HMH  ‡πã‡£≠‚≠ë‚úßÀñ¬∞. NJM  ‡πã‡£≠‚≠ë‚úßÀñ¬∞. OSW,42,0,289,https://x.com/hueofserenity/status/1815906406249423278,540700934,hueofserenity
1.81594E+18,Wed Jul 24 02:42:30 +0000 2024,390,‡∏ß‡∏¥‡∏ò‡∏µ‡∏ó‡∏µ‡πà‡∏à‡∏∞‡∏ó‡∏≥‡πÉ‡∏´‡πâ‡πÅ‡∏°‡∏ß‡∏ï‡∏±‡∏ß‡∏ô‡∏µ‡πâ‡∏´‡∏≤‡∏¢‡∏á‡∏≠‡∏ô ‡∏Ç‡πâ‡∏≠‡∏ó‡∏µ‡πà 1 ‡∏£‡∏µ‡∏ó‡∏ß‡∏¥‡∏ï ‡∏Ç‡πâ‡∏≠‡∏ó‡∏µ‡πà 2 ‡πÄ‡∏°‡∏ô‡∏ä‡∏±‡πà‡∏ô‡πÅ‡∏ó‡πá‡∏Å ‡∏Ç‡πâ‡∏≠‡∏ó‡∏µ‡πà 3 ‡∏ä‡∏°‡∏ß‡πà‡∏≤‡πÄ‡∏Ñ‡πâ‡∏≤‡πÄ‡∏Å‡πà‡∏á‡∏°‡∏≤‡∏Å! NARCISSISM BY NA JAEMIN #JAEMIN_NARCISSISM @NA_RCISSISM_ https://t.co/g5JGpmlvuB,1.81594E+18,https://pbs.twimg.com/ext_tw_video_thumb/1655260000917540864/pu/img/1AYmPoBXGXnurRwF.jpg,,th,"nomin, taeten, luna, lucy&luke",2,238,1035,https://x.com/g_eneglaer/status/1815940592062587258,3325143385,g_eneglaer
1.81609E+18,Wed Jul 24 12:23:44 +0000 2024,2,‡πÄ‡∏õ‡∏¥‡∏î‡∏´‡∏≤‡∏£ LP POSTER SET ‡πÅ‡∏Æ‡∏ä‡∏≤‡∏ô ‡∏ß‡πà‡∏≤‡∏á‡∏£‡∏π‡∏õ 1 5 ‡∏£‡∏π‡∏õ‡∏•‡∏∞ 110.- (‡∏ã‡∏∑‡πâ‡∏≠‡∏ó‡∏±‡πâ‡∏á2‡∏£‡∏π‡∏õ‡πÅ‡∏ñ‡∏°‡πÄ‡∏ö‡∏≠‡∏£‡πå6) ‡∏Ñ‡πà‡∏≤‡∏™‡πà‡∏á‡πÄ‡∏´‡∏°‡∏≤ 50.- ‡∏Ç‡∏≠‡∏á‡∏à‡∏∞‡∏°‡∏≤‡∏ñ‡∏∂‡∏á‡πÄ‡∏£‡∏≤26‡∏ô‡∏µ‡πâ‡∏Ñ‡πà‡∏∞Ô∏è #‡∏ï‡∏•‡∏≤‡∏î‡∏ô‡∏±‡∏înct #‡∏ï‡∏•‡∏≤‡∏î‡∏ô‡∏±‡∏înctdream #JAEMIN_NARCISSISM ‡πÅ‡∏Æ‡∏ä‡∏≤‡∏ô haechan https://t.co/FXw77iA6vK,1.81609E+18,https://pbs.twimg.com/media/GTQJYFaaYAMjel5.jpg,,th,Thailand,0,4,0,https://x.com/LTanyalak/status/1816086866783031600,3143237864,LTanyalak
1.8159E+18,Wed Jul 24 00:16:39 +0000 2024,0,‡∏≠‡∏µ‡∏Å‡πÑ‡∏°‡πà‡∏Å‡∏µ‡πà‡∏ß‡∏±‡∏ô ‡∏Å‡πá‡πÄ‡∏Ç‡πâ‡∏≤‡∏™‡∏π‡πà‡∏ä‡πà‡∏ß‡∏á‡∏™‡∏∏‡∏î‡∏ó‡πâ‡∏≤‡∏¢‡∏ô‡∏¥‡∏ó‡∏£‡∏£‡∏®‡∏Å‡∏≤‡∏•‡∏Ç‡∏≠‡∏á‡πÅ‡∏à‡∏°‡∏¥‡∏ô‡πÅ‡∏•‡πâ‡∏ß ‡∏Ç‡∏≠‡∏ö‡∏Ñ‡∏∏‡∏ì‡∏ó‡∏µ‡πà‡∏°‡∏≤‡∏Ç‡∏¢‡∏≤‡∏¢‡πÄ‡∏ß‡∏•‡∏≤‡πÄ‡∏û‡∏∑‡πà‡∏≠‡πÉ‡∏Ñ‡∏£‡∏´‡∏•‡∏≤‡∏¢‡∏Ñ‡∏ô‡∏ô‡∏∞‡∏Ñ‡∏∞ ! ‡πÅ‡∏ñ‡∏°‡∏¢‡∏±‡∏á‡∏°‡∏µ md ‡∏£‡∏≠‡∏ö 2 ‡∏£‡∏ß‡∏°‡∏ñ‡∏∂‡∏á events ‡∏î‡πâ‡∏ß‡∏¢ ‡πÅ‡∏à‡∏°‡∏¥‡∏ô‡πÄ‡∏Å‡πà‡∏á‡∏°‡∏≤‡∏Å ‡πÜ ‡∏û‡∏ß‡∏Å‡πÄ‡∏£‡∏≤‡∏ô‡∏≤‡∏î‡∏∏‡πã‡∏á‡∏°‡∏≤‡∏ä‡πà‡∏ß‡∏¢‡∏Å‡∏±‡∏ô‡∏ï‡∏¥‡∏î # ‡∏Å‡πà‡∏≠‡∏ô‡∏ô‡∏∞‡∏Ñ‡∏∞ NARCISSISM BY NA JAEMIN #JAEMIN_NARCISSISM @NA_RCISSISM_ https://t.co/k02TySE83G,1.8159E+18,https://pbs.twimg.com/amplify_video_thumb/1806297049555697664/img/z-V3wH4hUD3jczfy.jpg,,th,jaemin and dreamies + üêàüêàüêà,0,0,0,https://x.com/f03p18/status/1815903886907228328,1.71535E+18,f03p18
1.8159E+18,Wed Jul 24 00:08:33 +0000 2024,2,Day26 ‡πÅ‡∏õ‡∏õ‡∏õ ‡πÅ‡∏•‡πâ‡∏ß ‡∏Ñ‡∏ô‡πÄ‡∏Å‡πà‡∏á‡∏Ç‡∏≠‡∏á‡∏û‡∏ß‡∏Å‡πÄ‡∏Ñ‡∏£ ‡∏ô‡∏≤‡∏ô‡∏∞‡∏î‡∏∏‡∏á‡∏á‡∏µ‡πà‡∏™‡πà‡∏á‡∏Å‡∏≥‡∏•‡∏±‡∏á‡πÉ‡∏à‡πÉ‡∏´‡πâ‡∏ô‡∏±‡∏ö‡∏ñ‡∏≠‡∏¢‡∏´‡∏•‡∏±‡∏á d-7 ‡∏á‡∏≤‡∏ô‡∏ô‡∏¥‡∏ó‡∏£‡∏£‡∏®‡∏Å‡∏≤‡∏£‡∏Ç‡∏≠‡∏á‡πÅ‡∏à‡∏°‡∏¥‡∏ô‡∏Ñ‡∏£‡∏±‡πâ‡∏á‡πÅ‡∏£‡∏Å‡∏à‡∏∞‡∏à‡∏ö‡πÅ‡∏•‡πâ‡∏ß ‡∏Ç‡∏≠‡πÉ‡∏´‡πâ‡∏°‡∏µ‡∏Ñ‡∏ô‡∏£‡∏±‡∏Å‡∏Ñ‡∏ô‡∏´‡∏•‡∏á‡∏≠‡∏µ‡∏Å‡πÄ‡∏¢‡∏≠‡∏∞ Ô∏èÔ∏è ‡πÄ‡∏≠‡∏™‡πÄ‡∏≠‡πâ‡∏°‡∏ó‡∏µ‡∏°4 ‡∏à‡∏á‡∏£‡∏±‡∏Å‡πÅ‡∏à‡∏°‡πÄ‡∏¢‡∏≠‡∏∞‡πÜ‡πÜ‡πÜ‡∏Ñ‡πä‡∏≤‡∏≤ NARCISSISM BY NA JAEMIN #JAEMIN_NARCISSISM https://t.co/bf5QZE7Iuz,1.8159E+18,https://pbs.twimg.com/amplify_video_thumb/1806297049555697664/img/z-V3wH4hUD3jczfy.jpg,,th,,0,0,10,https://x.com/NanaJMrabbit/status/1815901849729577389,1.42931E+18,NanaJMrabbit
1.81591E+18,Wed Jul 24 00:23:15 +0000 2024,287,Snackpaper x Jaemin Q&amp;A One meaning of sharing cookies is to make a promise to the individual who breaks the cookie with you. If you were given a sharing cookies right now who would you choose to break it with? And what kind of promise would you like to make. #JAEMIN - I want https://t.co/9SICPz897M,1.81591E+18,https://pbs.twimg.com/media/GTNkd4gWsAAFksT.jpg,,en,HMH  ‡πã‡£≠‚≠ë‚úßÀñ¬∞. NJM  ‡πã‡£≠‚≠ë‚úßÀñ¬∞. OSW,36,0,224,https://x.com/hueofserenity/status/1815905549105651813,540700934,hueofserenity
1.8159E+18,Wed Jul 24 00:19:18 +0000 2024,440,Snackpaper x Jaemin Q&amp;A How would you define your ideal future life? #JAEMIN - My ideal life scenario is living peacefully and happily with my family. This is my ultimate objective and the perfect life I pursue. https://t.co/KYZgEVa61y https://t.co/3MPyVNlzIM,1.8159E+18,https://pbs.twimg.com/media/GTNjiz_WgAA5nVE.jpg,,en,HMH  ‡πã‡£≠‚≠ë‚úßÀñ¬∞. NJM  ‡πã‡£≠‚≠ë‚úßÀñ¬∞. OSW,66,1,245,https://x.com/hueofserenity/status/1815904554912715079,540700934,hueofserenity
1.81591E+18,Wed Jul 24 00:25:52 +0000 2024,15,too slow too fast ÏÜçÎèÑ control NARCISSISM BY NA JAEMIN #JAEMIN_NARCISSISM https://t.co/exJDeJqTmL,1.81591E+18,https://pbs.twimg.com/media/GTNlDSYWMAAQLiw.jpg,,en,,0,0,38,https://x.com/merrycadillac/status/1815906208819146777,8.66538E+17,merrycadillac
1.8159E+18,Wed Jul 24 00:11:05 +0000 2024,359,26 days together with narcissism NARCISSISM BY NA JAEMIN #JAEMIN_NARCISSISM #NARCISSISMxITZAVIBE @NA_RCISSISM_ https://t.co/DtImQrW8SU,1.8159E+18,https://pbs.twimg.com/media/GTNhrn9bwAATBvd.jpg,,en,,2,186,332,https://x.com/hourlyjaeminn/status/1815902489524474292,1.54612E+18,hourlyjaeminn
1.8159E+18,Wed Jul 24 00:16:18 +0000 2024,0,Day26 NARCISSISM BY NA JAEMIN #JAEMIN_NARCISSISM @NA_RCISSISM_ https://t.co/BQCTSMf77N,1.8159E+18,https://pbs.twimg.com/media/GTNi4IPaYAIwfX0.jpg,,tl,,0,0,0,https://x.com/JunielDaniell/status/1815903801351758024,7.04953E+17,JunielDaniell
1.81591E+18,Wed Jul 24 00:25:33 +0000 2024,0,Day 26 with NARCISSISM Ô∏è NARCISSISM BY NA JAEMIN #JAEMIN_NARCISSISM #NARCISSISMxITZAVIBE @NA_RCISSISM_ https://t.co/9WAGZaHOXm,1.81591E+18,https://pbs.twimg.com/media/GTNk_rzaYAEGpnH.jpg,,en,,0,6,1,https://x.com/813jminee/status/1815906129588961675,1.6628E+18,813jminee
1.81591E+18,Wed Jul 24 00:24:47 +0000 2024,1,ÏóîÏãúÌã∞ ÎìúÎ¶º Ïû¨ÎØº ÎÇòÎ•¥ÏãúÏãúÏ¶ò Ï†ÑÏãúÌöå Ìã∞Ïºì ÏñëÎèÑ ‚≠ïÔ∏èSELL‚≠ïÔ∏è ÏòàÏä§24 Í∏ÄÎ°úÎ≤å Ìã∞Ïºì yes24 global ticket Ô∏èÍ∞ÄÍ≤© ÏÇ¨ÏßÑÏ∞∏Í≥†Ô∏è ÏïÑÏòÆ Ïã§Ìå®Ïãú ÌôòÎ∂à Ô∏è ÏïÑÏòÆ ÏóÖÏ≤¥ ÏïåÏïÑÏò§ÏÖîÏïºÎèºÏöî ÏòàÏä§24 Í∏ÄÎ°úÎ≤å ÏòàÏÇ¨ wts nct dream jaemin narcissism sell eng ÏòàÎß§ 20 21 22 23 24 25 26 27 28 29 30 31 https://t.co/2EDlY13CC6,1.81591E+18,https://pbs.twimg.com/media/GTNk0oHaYAQVNtu.jpg,,ko,,0,0,0,https://x.com/kwangyyaaa_/status/1815905934906122511,1.61117E+18,kwangyyaaa_
1.8159E+18,Wed Jul 24 00:00:12 +0000 2024,0,DAY-25 with NARCISSISM NARCISSISM BY NA JAEMIN #JAEMIN_NARCISSISM #NARCISSISMxITZAVIBE @NA_RCISSISM_ https://t.co/vTHaSWqo0Y,1.8159E+18,https://pbs.twimg.com/media/GTNfMpobsAAVYaD.jpg,,en,Di Bumi,0,2,0,https://x.com/813nanaa/status/1815899748282589387,1.37762E+18,813nanaa
1.8159E+18,Wed Jul 24 00:15:26 +0000 2024,7,DAY-26 ‡∏ô‡∏¥‡∏ó‡∏£‡∏£‡∏®‡∏Å‡∏≤‡∏£‡∏ß‡∏±‡∏ô‡∏ó‡∏µ‡πà 26 ‡πÅ‡∏•‡πâ‡∏ß ‡∏Ç‡∏≠‡πÉ‡∏´‡πâ‡∏ó‡∏∏‡∏Å‡∏≠‡∏¢‡πà‡∏≤‡∏á‡∏£‡∏≤‡∏ö‡∏£‡∏∑‡πà‡∏ô‡∏ï‡∏•‡∏≠‡∏î‡∏ó‡∏±‡πâ‡∏á‡∏ß‡∏±‡∏ô have a good day NARCISSISM BY NA JAEMIN #JAEMIN_NARCISSISM https://t.co/C4BDxpyZ51,1.8159E+18,https://pbs.twimg.com/media/GTNirfrbsAAvanU.jpg,,und,,0,6,27,https://x.com/beembaebae/status/1815903584015491187,1.68643E+18,beembaebae
1.81591E+18,Wed Jul 24 00:22:39 +0000 2024,0,D26‡∏Ç‡∏≠‡πÉ‡∏´‡πâ‡πÄ‡∏õ‡πá‡∏ô‡∏ß‡∏±‡∏ô‡∏ó‡∏µ‡πà‡∏î‡∏µ‡∏ô‡πâ‡∏≤‡∏Ç‡∏≠‡∏á‡πÅ‡∏à‡∏°‡πÅ‡∏•‡∏∞‡∏Ç‡∏≠‡∏á‡∏ó‡∏∏‡∏Å‡∏Ñ‡∏ô‡∏ô‡∏∞‡∏Ñ‡πâ‡∏≤ love jae to the min and back NARCISSISM BY NA JAEMIN #JAEMIN_NARCISSISM #NARCISSISMxITZAVIBE @NA_RCISSISM_ https://t.co/wAF1hKOFvW,1.81591E+18,https://pbs.twimg.com/media/GTNkVOBaQAA3aLX.jpg,,und,‡πÑ‡∏ó‡∏¢/eng/‰∏≠Êñá/esp EXO-NCT-RIIZE,0,0,0,https://x.com/pisahappybaby/status/1815905396676334014,1679962825,pisahappybaby
1.8159E+18,Wed Jul 24 00:20:18 +0000 2024,0,26 days together with narcissism NARCISSISM BY NA JAEMIN #JAEMIN_NARCISSISM #NARCISSISMxITZAVIBE @NA_RCISSISM_ https://t.co/lqHz5c6mf2,1.8159E+18,https://pbs.twimg.com/media/GTNjyu5WkAAjcHs.jpg,,en,,0,4,0,https://x.com/skytreess_/status/1815904806789140635,1.69328E+18,skytreess_
1.8159E+18,Wed Jul 24 00:06:16 +0000 2024,0,DAY 26 NARCISSISM BY NA JAEMIN #JAEMIN_NARCISSISM #NARCISSISMxITZAVIBE @NA_RCISSISM_ https://t.co/KXkninguS5,1.8159E+18,https://pbs.twimg.com/media/GTNglHyaYAEBrHp.jpg,,tl,,0,0,0,https://x.com/pinkiijaem/status/1815901275378286947,1.42782E+18,pinkiijaem
1.8159E+18,Wed Jul 24 00:06:53 +0000 2024,0,DAY-25 with NARCISSISM NARCISSISM BY NA JAEMIN #JAEMIN_NARCISSISM #NARCISSISMxITZAVIBE @NA_RCISSISM_ https://t.co/B6zoEB5iTP,1.8159E+18,https://pbs.twimg.com/media/GTNgun4aYAApe62.jpg,,en,,0,2,0,https://x.com/jnyupies/status/1815901431632912704,1.59796E+18,jnyupies
1.8159E+18,Wed Jul 24 00:03:21 +0000 2024,4,Day-26 with NARCISSISM PHOTOGRAPHER JAEMIN 1ST EXHIBITION #JAEMIN_NARCISSISM #Ïû¨ÎØºÏûëÍ∞ÄÎãò_ÎÇòÎ•¥ÏãúÏãúÏ¶ò_Í∏∞ÎåÄÎêúÎãπÌûõ @NA_RCISSISM_ https://t.co/yDurWU1V4E,1.8159E+18,https://pbs.twimg.com/media/GTNf6aoaYAE9wqQ.jpg,,en,Di rumah ,0,7,0,https://x.com/thIsYelln/status/1815900539785470199,1.32137E+18,thIsYelln
1.8159E+18,Wed Jul 24 00:04:32 +0000 2024,0,-ÀãÀè ‡ºªDAY 26‡º∫ ÀéÀä- NARCISSISM BY NA JAEMIN #JAEMIN_NARCISSISM #NARCISSISMxITZAVIBE @NA_RCISSISM_ https://t.co/bkaEXH5qDF,1.8159E+18,https://pbs.twimg.com/media/GTNgLUUaoAA_PIQ.jpg,,et,#7DREAM,0,3,0,https://x.com/_dearbunny_/status/1815900837593637103,1.2559E+18,_dearbunny_
1.81591E+18,Wed Jul 24 00:24:20 +0000 2024,0,DAY 26 with &lt;NARCISSISM&gt;Ô∏è PHOTOGRAPHER JAEMIN 1ST EXHIBITION #JAEMIN_NARCISSISM #Ïû¨ÎØºÏûëÍ∞ÄÎãò_ÎÇòÎ•¥ÏãúÏãúÏ¶ò_Í∏∞ÎåÄÎêúÎãπÌûõ @NA_RCISSISM https://t.co/unztkswclq,1.81591E+18,https://pbs.twimg.com/media/GTNkuJCaYAEMVzl.jpg,,en,Bogor,0,0,0,https://x.com/Yagami_Reni/status/1815905821374771485,363744858,Yagami_Reni
1.8159E+18,Wed Jul 24 00:04:35 +0000 2024,0,OPEN PRE ORDER 2ND MD OFFICIAL NCT JAEMIN 1ST PHOTO EXHIBITON 'NARCISSISM' [HANDCARRY] Cloud dreams string back : 580k dp 450k *est berat 150gr T-shirt (star cat/saying/i love me) : 675k dp 500k *est berat 300gr Hoodie i love me : 1.130.000 dp 800k *est berat 860gr https://t.co/LfhwTOaSrf,1.8159E+18,https://pbs.twimg.com/media/GTNgMb-aYAMUHuL.jpg,,en,,0,1,1,https://x.com/aicecreamii/status/1815900852910956580,1.51117E+18,aicecreamii
1.81591E+18,Wed Jul 24 00:21:25 +0000 2024,1,‡∏ß‡∏±‡∏ô‡∏ô‡∏µ‡πâ‡∏Å‡πá‡∏Ç‡∏≠‡πÉ‡∏´‡πâ‡πÄ‡∏õ‡πá‡∏ô‡∏ß‡∏±‡∏ô‡∏ó‡∏µ‡πà‡∏î‡∏µ‡∏™‡∏≥‡∏´‡∏£‡∏±‡∏ö‡∏ó‡∏∏‡∏Å‡∏Ñ‡∏ô‡∏ô‡∏∞‡∏Ñ‡∏∞ ‡∏•‡∏∞‡∏Å‡πá‡∏Ñ‡∏∏‡∏ì‡∏ä‡πà‡∏≤‡∏á‡∏†‡∏≤‡∏û‡∏Ñ‡∏ô‡πÄ‡∏Å‡πà‡∏á‡∏Ç‡∏≠‡∏á‡πÄ‡∏£‡∏≤‡∏°‡∏µ‡∏Ñ‡∏ß‡∏≤‡∏°‡∏™‡∏∏‡∏Ç‡∏°‡∏≤‡∏Å ‡πÜ ‡∏ô‡πâ‡∏≤ NARCISSISM BY NA JAEMIN #JAEMIN_NARCISSISM @NA_RCISSISM_ https://t.co/eEk8IccP53,1.81591E+18,https://pbs.twimg.com/media/GTNkDFhXkAAouzr.jpg,,th,NCT DREAM LAND,0,1,1,https://x.com/khunfanJamJam/status/1815905089871306892,7.12469E+17,khunfanJamJam
1.81697E+18,Fri Jul 26 22:57:41 +0000 2024,2178,D-1 ITZAVIBE meets JAEMIN of NCT for a special collaboration. ITZAVIBE collaborates with JAEMIN of NCT for his debut photo exhibition NARCISSISM - JAEMIN through which he reveals the past 7 years of observations and recordings since 2018. You should always put yourself https://t.co/sLLlxMle5Q,1.81697E+18,https://pbs.twimg.com/media/GTctahjagAAUg6d.jpg,,en,https://maps.app.goo.gl/LiB6vH,48,30,1406,https://x.com/ITZAVIBE_kr/status/1816971178927608143,1.56297E+18,ITZAVIBE_kr
1.81676E+18,Fri Jul 26 09:17:29 +0000 2024,2473,nct! 2nd event artist talk narcissism with jaemin diadain di SHILLA seoul hotel bintang 5 BUDGET GAK KALENG KALENG https://t.co/7vSGbBobxO,1.81676E+18,https://pbs.twimg.com/media/GTZx7gPakAAkH_4.jpg,,in,SEND MF:,114,84,387,https://x.com/nct_menfess/status/1816764769908719743,1.27501E+18,nct_menfess
1.81676E+18,Fri Jul 26 09:18:04 +0000 2024,2602,artist talk narcissism yg ke 2 sama -jaemin nanti diadain di SHILLA SEOUL guys hotel bintang 5 KEREN BGT JAEMIN https://t.co/eWJ9KrAy7B,1.81676E+18,https://pbs.twimg.com/media/GTZyEBcagAIh6Dd.jpg,,in,,204,93,607,https://x.com/NCTDreamINA/status/1816764917074256079,1.25546E+18,NCTDreamINA
1.81687E+18,Fri Jul 26 16:28:33 +0000 2024,1374,NARCISSISM BY NA JAEMIN #JAEMIN_NARCISSISM @NA_RCISSISM_ https://t.co/uqIubmK1Ry,1.81687E+18,https://pbs.twimg.com/media/GTbUle8aoAEv4kQ.jpg,,tl, IG : 01pdkj,1,0,534,https://x.com/01pdkj/status/1816873248732381545,1.4084E+18,01pdkj
1.81677E+18,Fri Jul 26 09:48:33 +0000 2024,113,‚äπÔ∏èÔ∏è#NARCISSISM ‡≥É¬∞ ñ§ê special thanks to jaemin @NA_RCISSISM_ for the best photobook ever ñ§ê https://t.co/gpg0KVM9hA,1.81677E+18,https://pbs.twimg.com/media/GTZ5CFWbUAA6YqS.jpg,,en,,2,23,17,https://x.com/samoyeddjn/status/1816772586015187360,1.44642E+18,samoyeddjn
1.81665E+18,Fri Jul 26 01:48:27 +0000 2024,594,28th day already let's continue to support narcissism by jaemin! NARCISSISM BY NA JAEMIN #JAEMIN_NARCISSISM #NARCISSISMxITZAVIBE @NA_RCISSISM_ https://t.co/NJqOaH6l2T,1.81665E+18,https://pbs.twimg.com/media/GTYLJinbMAASF_R.jpg,,en,üîï | archives in ‚ô° ,1,228,363,https://x.com/archivesnjm/status/1816651765141635280,1.45323E+18,archivesnjm
1.81672E+18,Fri Jul 26 06:02:41 +0000 2024,0,DAY 28 NARCISSISM NARCISSISM BY NA JAEMIN #JAEMIN_NARCISSISM #NARCISSISMxITZAVIBE @NA_RCISSISM_ https://t.co/v5a7ltKQQJ,1.81672E+18,https://pbs.twimg.com/media/GTZFWDwagAMI4Sy.jpg,,tl,Rumah Jaemin,0,0,0,https://x.com/usahananaa/status/1816715748179583403,1.29376E+18,usahananaa
1.81664E+18,Fri Jul 26 00:59:26 +0000 2024,678,day 28 narcissism by photographer jaemin kajja ! NARCISSISM BY NA JAEMIN #JAEMIN_NARCISSISM #NARCISSISMxITZAVIBE @NA_RCISSISM_ https://t.co/QKV6G1hUxS,1.81664E+18,https://pbs.twimg.com/ext_tw_video_thumb/1811378577235128320/pu/img/CnkjUeC-ej8-clD1.jpg,,et,shopee recommendation : ,2,140,322,https://x.com/jungshasa/status/1816639429806817719,1.30762E+18,jungshasa
1.81685E+18,Fri Jul 26 15:08:58 +0000 2024,6,NARCISSISM Jaemin 1st photo exhibition https://t.co/z5H3zPfKod,1.81685E+18,https://pbs.twimg.com/media/GTbCXyqbEAAdKC7.jpg,,en,ÏóëÏÜåÏóÖÍ≥† ÌäÄÏñ¥,0,1,0,https://x.com/hyuneeeis/status/1816853224328167717,8.60762E+17,hyuneeeis
1.81668E+18,Fri Jul 26 03:54:09 +0000 2024,8,‡πÄ‡∏î‡∏µ‡πã‡∏¢‡∏ß‡∏ü‡πâ‡∏≤‡∏°‡∏≤‡∏õ‡∏•‡πà‡∏≠‡∏¢ NARCISSISM Photobook magazine ver. ‡∏£‡∏≠‡∏ö event ‡∏ô‡πâ‡∏≤ ‡∏°‡∏µ 6 ‡πÄ‡∏•‡πà‡∏°‡πÄ‡∏ó‡πà‡∏≤‡∏ô‡∏±‡πâ‡∏ô!!!! ‡∏£‡∏≤‡∏Ñ‡∏≤ 550 ‡∏ö‡∏≤‡∏ó ‡∏Ñ‡πà‡∏≤‡∏™‡πà‡∏á‡πÄ‡∏Å‡πá‡∏ö‡∏ï‡∏≠‡∏ô‡∏Ç‡∏≠‡∏á‡∏ñ‡∏∂‡∏á‡πÑ‡∏ó‡∏¢ ‡∏™‡∏ô‡πÉ‡∏à‡∏õ‡∏±‡∏Å‡∏´‡∏°‡∏∏‡∏î‡πÑ‡∏ß‡πâ‡πÑ‡∏î‡πâ ‡πÄ‡∏¢‡πá‡∏ô‡πÜ ‡∏°‡∏≤‡∏•‡∏á‡∏ü‡∏≠‡∏£‡πå‡∏°‡∏Ñ‡πà‡∏≤ #JAEMIN_NARCISSISM #NCTDREAM #NARCISSISM #‡∏ï‡∏•‡∏≤‡∏î‡∏ô‡∏±‡∏înctdream #‡∏ï‡∏•‡∏≤‡∏î‡∏ô‡∏±‡∏înct https://t.co/udYJykJVOY,1.81668E+18,https://pbs.twimg.com/media/GTYn6v2agAARg9_.jpg,,th,HQ | VID = HL,1,0,10,https://x.com/ffahjjh/status/1816683397697167625,352073461,ffahjjh
1.8168E+18,Fri Jul 26 11:26:26 +0000 2024,15,#JAEMIN_NARCISSISM #Ïû¨ÎØºÏûëÍ∞ÄÎãò_ÎÇòÎ•¥ÏãúÏãúÏ¶ò_Í∏∞ÎåÄÎêúÎãπÌûõ #NARCISSISMxITZAVIBE @NA_RCISSISM_ https://t.co/ixNqWyxBnS,1.8168E+18,https://pbs.twimg.com/media/GTaPcKQagAMtI9V.jpg,,qme,üîï| ÎßûÌåî ÏïàÌï®,0,0,3,https://x.com/mydearjaemin/status/1816797221284905340,1.40915E+18,mydearjaemin
1.81698E+18,Fri Jul 26 23:38:10 +0000 2024,8,DAY-29 NARCISSISM NARCISSISM BY NA JAEMIN #JAEMIN_NARCISSISM #NARCISSISMxITZAVIBE @NA_RCISSISM_ https://t.co/JjxUTkWhEU,1.81698E+18,https://pbs.twimg.com/media/GTc26qjagAMfDoI.jpg,,tl,NANADOONGIE ,0,20,2,https://x.com/cloudiewaa_/status/1816981367512793194,1.60788E+18,cloudiewaa_
1.8168E+18,Fri Jul 26 11:19:28 +0000 2024,4,‚≠êÔ∏èSELL‚≠êÔ∏è Ô∏èALL 1.7 Ô∏èÍ∞úÎ≥Ñ Íµ¨Îß§ Í∞ÄÎä•Ô∏è NCT ÏóîÏãúÌã∞ 127 ÏùºÏù¥Ïπ† ÎìúÎ¶º DREAM Ìè¨ÌÜ†Ïπ¥Îìú Ìè¨Ïπ¥ ÏñëÎèÑ ÍµêÌôò ÏÇêÍ∑∏Îçï walk ÎìúÎ¶ºÏáº dreamshow pc photocard mark jeno johnny renjun jisung haechan chenle fanmeeting narcissism jaemin photobook podcast crew poster smini jaehyum doyoung ÎßàÌÅ¨ Ìï¥Ï∞¨ https://t.co/46PULU0g3w,1.8168E+18,https://pbs.twimg.com/media/GTaN2GlbUAAZmYj.jpg,,ko,,1,2,0,https://x.com/yangdoangel1004/status/1816795467306467503,1.48913E+18,yangdoangel1004
1.81668E+18,Fri Jul 26 03:49:11 +0000 2024,368,‡∏à‡∏£‡∏¥‡∏á‡πÜ‡∏™‡∏õ‡∏≠‡∏¢‡∏•‡πå‡∏ä‡∏∑‡πà‡∏≠‡∏á‡∏≤‡∏ô‡∏ï‡∏±‡πâ‡∏á‡πÅ‡∏ï‡πà‡πÄ‡∏î‡∏∑‡∏≠‡∏ô 3 ‡∏û‡∏π‡∏î‡∏Å‡∏±‡∏ô‡πÄ‡∏£‡∏∑‡πà‡∏≠‡∏á‡πÄ‡∏à‡πâ‡∏≤‡∏ï‡∏±‡∏ß‡∏ä‡∏≠‡∏ö‡∏ñ‡πà‡∏≤‡∏¢‡∏£‡∏π‡∏õ‡∏ï‡∏±‡∏ß‡πÄ‡∏≠‡∏á‡πÅ‡∏•‡πâ‡∏ß‡πÄ‡∏≠‡∏≤‡πÑ‡∏õ‡πÅ‡∏ï‡πà‡∏á‡πÑ‡∏õ‡∏ï‡∏∏‡πä‡∏á‡∏£‡∏π‡∏õ : ‡πÄ‡∏õ‡πá‡∏ô‡∏Ñ‡∏ô‡∏£‡∏±‡∏Å‡∏ï‡∏±‡∏ß‡πÄ‡∏≠‡∏á‡∏°‡∏≤‡∏Å‡πÄ‡∏•‡∏¢‡∏™‡∏¥‡∏ô‡∏∞‡∏Ñ‡∏£‡∏±‡∏ö : ‡πÄ‡∏õ‡πá‡∏ô Narcissism ‡∏Ñ‡∏£‡∏±‡∏ö ‡πÄ‡∏£‡∏¥‡πà‡∏î‡∏î‡∏î‡∏î‡∏î‡πÅ‡∏≠‡∏ö‡πÇ‡∏õ‡∏£‡πÇ‡∏°‡∏ó‡∏ä‡∏∑‡πà‡∏≠‡∏á‡∏≤‡∏ô‡∏ú‡πà‡∏≤‡∏ô‡∏ä‡πà‡∏≠‡∏á‡∏î‡∏±‡∏á ‡πÅ‡∏ï‡πà‡πÄ‡∏™‡πâ‡∏ô‡∏°‡∏±‡∏ô‡∏î‡∏±‡∏ô‡πÑ‡∏°‡πà‡πÄ‡∏≠‡∏∞‡πÉ‡∏à5555 NARCISSISM BY NA JAEMIN #JAEMIN_NARCISSISM https://t.co/w2epvihgmd,1.81668E+18,https://pbs.twimg.com/ext_tw_video_thumb/1770846506330836992/pu/img/I9BErCJrs2jzzFVg.jpg,,th,"nomin, taeten, luna, lucy&luke",0,13,1098,https://x.com/g_eneglaer/status/1816682150089130386,3325143385,g_eneglaer
1.81672E+18,Fri Jul 26 06:07:44 +0000 2024,0,Day-28 with NARCISSISMÔ∏è NARCISSISM BY NA JAEMIN #JAEMIN_NARCISSISM #NARCISSISMxITZAVIBE @NA_RCISSISM_ https://t.co/DLPNJwUM2K,1.81672E+18,https://pbs.twimg.com/media/GTZGf-qaYAAEbic.jpg,,en,solostan,0,0,0,https://x.com/jaemeericano/status/1816717016788848758,1.08245E+18,jaemeericano
1.81679E+18,Fri Jul 26 10:39:09 +0000 2024,2,( wts lfb ph ) jaemin narcissism zip up hoodie set ‚Ç±4 300 dop : prio payo! | 1 month with dp can meetup on tds3 :) nct dream mark renjun jeno haechan jaemin chenle jisung https://t.co/MdDZfJxii2,1.81679E+18,https://pbs.twimg.com/media/GTaEniSbUAAWgwW.jpg,,en,she her | markminhyuck ,2,5,4,https://x.com/518drmies/status/1816785320366797058,1.32559E+18,518drmies
1.81679E+18,Fri Jul 26 10:53:51 +0000 2024,10,Rt &amp; likes are appreciated OPEN PRE-ORDER NA JAEMIN &amp; HAECHAN BIRTHDAY KIT by @svakuya 26 july - 11 aug 2024 Pelunasan via More detail didalam link Dp E-wallet Bri Bca Medan - Depok #jaeminkit #JAEMIN #NARCISSISM #haechankit #HAECHAN #SonOfMusicHaechanDay https://t.co/gnisKydDlO,1.81679E+18,https://pbs.twimg.com/media/GTaH-fnaoAAtRmU.jpg,,en,s/her 25+ hcsfs,1,2,8,https://x.com/svakuya/status/1816789021000876162,1319813354,svakuya
1.81683E+18,Fri Jul 26 13:27:14 +0000 2024,13,look at jaemin's back posture he's so good at this https://t.co/xRxPzHeWZ8,1.81683E+18,https://pbs.twimg.com/media/GTarF6zbwAAd6Xl.jpg,,en,218 x 813 | solo stan,1,0,3,https://x.com/theshims/status/1816827620908236856,183792283,theshims
1.81667E+18,Fri Jul 26 03:16:05 +0000 2024,176,1 reply for @NA_RCISSISM_ day 28 &lt;3 ‡∏û‡∏¥‡πâ‡∏á‡∏Å‡∏µ‡πâ‡∏¢‡∏∑‡∏ô‡πÄ‡∏ó‡πà‡πÄ‡∏ó‡πà‡∏≤‡∏û‡∏µ‡πà‡πÅ‡∏à‡∏°‡∏¢‡∏±‡∏á‡∏Ñ‡∏∞ ‚Çç·ê¢ …ûÃ¥Ã∂Ã∑ Ã´ …ûÃ¥Ã∂Ã∑ ·ê¢‚Çé ‡∏°‡∏≤‡πÄ‡∏õ‡πá‡∏ô‡∏Å‡∏≥‡∏•‡∏±‡∏á‡πÉ‡∏à‡πÉ‡∏´‡πâ‡∏Ñ‡∏∏‡∏ì‡∏ä‡πà‡∏≤‡∏á‡∏†‡∏≤‡∏û‡πÅ‡∏à‡∏°‡∏¥‡∏ô‡∏Ñ‡∏ô‡πÄ‡∏Å‡πà‡∏á‡∏Å‡∏±‡∏ô‡∏≠‡∏µ‡∏Å‡∏ß‡∏±‡∏ô‡∏ô‡πâ‡∏≤ NARCISSISM BY NA JAEMIN #JAEMIN_NARCISSISM https://t.co/8IrgMeUsMz,1.81667E+18,https://pbs.twimg.com/amplify_video_thumb/1816673763645411328/img/lEs6Az4wIQEOUkQv.jpg,,th,dream7 + üêàüêàüêà,0,246,850,https://x.com/mcdtournesol/status/1816673818766983250,595455100,mcdtournesol
1.81663E+18,Fri Jul 26 00:39:17 +0000 2024,1,freebies narcissism set nya cakep bangett thankyou ka @rinaisandikala for support jaemin and narcissism https://t.co/tWv04DgYao,1.81663E+18,https://pbs.twimg.com/media/GTX7UIVaYAA09dz.jpg,,en,na jaemin,0,1,1,https://x.com/najaeminisna/status/1816634360352899432,1.15344E+18,najaeminisna
1.81663E+18,Fri Jul 26 00:35:05 +0000 2024,0,day 28 NARCISSISM BY NA JAEMIN #JAEMIN_NARCISSISM #NARCISSISMxITZAVIBE @NA_RCISSISM_ https://t.co/8maWGpaf2O,1.81663E+18,https://pbs.twimg.com/media/GTX6WxEagAAN_Yv.jpg,,tl,na jaemin,0,0,0,https://x.com/najaeminisna/status/1816633303216374259,1.15344E+18,najaeminisna
1.81663E+18,Fri Jul 26 00:03:01 +0000 2024,0,PHOTOGRAPHER JAEMIN 1ST EXHIBITION #JAEMIN_NARCISSISM #Ïû¨ÎØºÏûëÍ∞ÄÎãò_ÎÇòÎ•¥ÏãúÏãúÏ¶ò_Í∏∞ÎåÄÎêúÎãπÌûõ @NA_RCISSISM_ https://t.co/CzPNrX4ANF,1.81663E+18,https://pbs.twimg.com/media/GTXzBVba4AATza1.jpg,,en,,0,0,0,https://x.com/138MHz/status/1816625231806841326,1.48837E+18,138MHz
1.81663E+18,Fri Jul 26 00:26:10 +0000 2024,440,Day 28 with &lt;NARCISSISM&gt;Ô∏è NARCISSISM BY NA JAEMIN #JAEMIN_NARCISSISM #NARCISSISMxITZAVIBE @NA_RCISSISM_ https://t.co/8V2gs2Stt2,1.81663E+18,https://pbs.twimg.com/media/GTX4UYIagAMV_6X.jpg,,en,,0,198,320,https://x.com/hourlyjaeminn/status/1816631059519582462,1.54612E+18,hourlyjaeminn
1.81663E+18,Fri Jul 26 00:34:35 +0000 2024,0,‡∏õ‡∏•‡πà‡∏≠‡∏¢‡∏ö‡∏±‡∏ï‡∏£‡∏ô‡∏¥‡∏ó‡∏£‡∏£‡∏®‡∏Å‡∏≤‡∏£‡πÉ‡∏±‡∏ô‡∏ó‡∏µ‡πà 28/7 ‡∏£‡∏≠‡∏ö 12.00 ‡∏Ñ‡πà‡∏∞ ‡∏õ‡∏•‡πà‡∏≠‡∏¢‡πÄ‡∏û‡∏£‡∏≤‡∏∞‡πÑ‡∏°‡πà‡πÑ‡∏î‡πâ‡∏ö‡∏¥‡∏ô‡πÅ‡∏•‡πâ‡∏ß ‡∏ä‡πà‡∏ß‡∏¢‡∏´‡∏≤‡∏£‡πâ‡∏≤‡∏ô‡∏ó‡∏£‡∏≤‡∏ô‡πÉ‡∏´‡πâ dm‡∏™‡∏≠‡∏ö‡∏ñ‡∏≤‡∏°‡πÑ‡∏î‡πâ‡∏Ñ‡πà‡∏∞ #JAEMIN_NARCISSISM https://t.co/m6HPcAxqW6,1.81663E+18,https://pbs.twimg.com/media/GTX6PiVagAY1WBa.jpg,,th,,0,0,0,https://x.com/jnreview/status/1816633176636424585,1.11481E+18,jnreview
1.81663E+18,Fri Jul 26 00:39:25 +0000 2024,11,D-28 ‡∏™‡∏ß‡∏±‡∏™‡∏î‡∏µ‡πÄ‡∏ä‡πâ‡∏≤‡∏ß‡∏±‡∏ô‡∏®‡∏∏‡∏Å‡∏£‡πå‡∏Ñ‡πà‡∏∞ NARCISSISM BY NA JAEMIN #JAEMIN_NARCISSISM https://t.co/GtMD25PRJe,1.81663E+18,https://pbs.twimg.com/media/GTX7WN3agAI-udc.jpg,,und,‡πÄ‡∏°‡∏ô‡πÄ‡∏à‡πâ‡∏≤‡∏´‡∏ç‡∏¥‡∏á‡∏Ç‡∏≠‡∏á‡∏ô‡πâ‡∏≠‡∏á‡∏î‡∏£‡∏µ‡∏°üíÖüíÖ,0,2,30,https://x.com/sunflower_njm/status/1816634393009811807,8.9414E+17,sunflower_njm
1.81662E+18,Fri Jul 26 00:01:37 +0000 2024,215,28 days with NARCISSISMÔ∏è RT/REPLY WITH: NARCISSISM BY NA JAEMIN #JAEMIN_NARCISSISM #NARCISSISMxITZAVIBE @NA_RCISSISM_ https://t.co/cgjV8EE0R1,1.81662E+18,https://pbs.twimg.com/media/GTXysdCXIAEldmW.jpg,,en,,0,90,109,https://x.com/NJM_File/status/1816624879648801090,1.55164E+18,NJM_File
1.81663E+18,Fri Jul 26 00:33:05 +0000 2024,0,D-28 NARCISSISM BY NA JAEMIN #JAEMIN_NARCISSISM @NA_RCISSISM_ https://t.co/Cp1vZw1xOk,1.81663E+18,https://pbs.twimg.com/media/GTX551obEAAgyLz.jpg,,tl,fan account,0,0,4,https://x.com/jamna138/status/1816632799748850023,1.65741E+18,jamna138
1.81664E+18,Fri Jul 26 00:47:38 +0000 2024,112,day 28 with @NA_RCISSISM_ Ô∏è‚≠êÔ∏è NARCISSISM BY NA JAEMIN #JAEMIN_NARCISSISM 1 mention for jaemin https://t.co/JXSwvt4CK9,1.81664E+18,https://pbs.twimg.com/media/GTX9Or-boAEN3CW.jpg,,en,"7dream, jmüîùÏûºÏ††",0,125,290,https://x.com/thereisjaemin/status/1816636463230124400,1.17487E+18,thereisjaemin
1.81664E+18,Fri Jul 26 00:42:35 +0000 2024,0,28 days with narcissism NARCISSISM BY NA JAEMIN #JAEMIN_NARCISSISM #NARCISSISMxITZAVIBE @NA_RCISSISM_ https://t.co/lxLsLR1a25,1.81664E+18,https://pbs.twimg.com/media/GTX8EhsagAMBDuQ.jpg,,en,,0,1,0,https://x.com/happyvibeee/status/1816635191815033031,1023149071,happyvibeee
1.81663E+18,Fri Jul 26 00:28:48 +0000 2024,15,Day28 ‡∏ß‡∏±‡∏ô‡∏®‡∏∏‡∏Å‡∏£‡πå‡πÅ‡∏•‡πâ‡∏ß‡∏Ñ‡∏∏‡∏ì‡∏ä‡πà‡∏≤‡∏á‡∏†‡∏≤‡∏û‡∏Ñ‡∏ô‡πÄ‡∏Å‡πà‡∏á ‡∏°‡∏≤‡∏ô‡∏±‡∏ö‡∏ñ‡∏≠‡∏¢‡∏´‡∏•‡∏±‡∏á‡πÅ‡∏•‡πâ‡∏ß ‡∏Ç‡∏≠‡πÉ‡∏´‡πâ‡∏á‡∏≤‡∏ô‡∏£‡∏≤‡∏ö‡∏£‡∏∑‡πà‡∏ô‡∏°‡∏µ‡∏Ñ‡∏ô‡∏£‡∏±‡∏Å‡∏Ñ‡∏ô‡∏ä‡∏≠‡∏ö‡πÄ‡∏¢‡∏≠‡∏∞‡πÜ ‡∏Ç‡∏≠‡πÉ‡∏´‡πâ‡∏õ‡∏±‡∏á‡πÜ‡πÜ ‡∏°‡∏µ‡πÇ‡∏≠‡∏Å‡∏≤‡∏™‡∏≠‡∏µ‡∏Å‡πÄ‡∏¢‡∏≠‡∏∞‡πÜ ‡∏û‡∏ß‡∏Å‡πÄ‡∏£‡∏≤‡∏†‡∏π‡∏°‡∏¥‡πÉ‡∏à‡πÉ‡∏ô‡∏ï‡∏±‡∏ß‡πÅ‡∏à‡∏°‡∏¥‡∏ô‡∏ô‡∏∞ ‡∏£‡πâ‡∏≤‡∏Å‡πÅ‡∏Å NARCISSISM BY NA JAEMIN #JAEMIN_NARCISSISM https://t.co/OsWQy7iCsp,1.81663E+18,https://pbs.twimg.com/media/GTX46z-bcAAJXto.jpg,,th,,0,4,44,https://x.com/NanaJMrabbit/status/1816631723448484094,1.42931E+18,NanaJMrabbit
1.81663E+18,Fri Jul 26 00:22:13 +0000 2024,7,DAY-28 ‡∏ß‡∏±‡∏ô‡∏®‡∏∏‡∏Å‡∏£‡πå‡πÅ‡∏´‡πà‡∏á‡∏ä‡∏≤‡∏ï‡∏¥ ‡∏Ç‡∏≠‡πÉ‡∏´‡πâ‡∏ó‡∏∏‡∏Å‡∏Ñ‡∏ô‡∏°‡∏µ‡∏ß‡∏±‡∏ô‡∏ó‡∏µ‡πà‡∏£‡∏≤‡∏ö‡∏£‡∏∑‡πà‡∏ô have a good day NARCISSISM BY NA JAEMIN #JAEMIN_NARCISSISM https://t.co/fYCj03g5XW,1.81663E+18,https://pbs.twimg.com/media/GTX3aKHbcAAgLjx.jpg,,und,,0,2,18,https://x.com/beembaebae/status/1816630065150722400,1.68643E+18,beembaebae
1.81663E+18,Fri Jul 26 00:10:12 +0000 2024,20,‡∏ô‡∏¥‡∏ó‡∏£‡∏£‡∏®‡∏Å‡∏≤‡∏£‡∏ß‡∏±‡∏ô‡∏ó‡∏µ‡πà 28 ‡∏Ç‡∏≠‡πÉ‡∏´‡πâ‡πÄ‡∏õ‡πá‡∏ô‡∏ß‡∏±‡∏ô‡∏ó‡∏µ‡πà‡∏ó‡∏∏‡∏Å‡∏≠‡∏¢‡πà‡∏≤‡∏á‡∏£‡∏≤‡∏ö‡∏£‡∏∑‡πà‡∏ô‡πÜ ‡πÑ‡∏î‡πâ‡∏£‡∏±‡∏ö‡∏Ñ‡∏ß‡∏≤‡∏°‡∏£‡∏±‡∏Å‡∏ó‡∏µ‡πà‡∏î‡∏µ‡πÄ‡∏¢‡∏≠‡∏∞‡πÜ ‡πÄ‡∏•‡∏¢‡∏ô‡∏∞‡∏Ñ‡∏±‡∏ö NARCISSISM BY NA JAEMIN #JAEMIN_NARCISSISM #Ïû¨ÎØºÏûëÍ∞ÄÎãò_ÎÇòÎ•¥ÏãúÏãúÏ¶ò_Í∏∞ÎåÄÎêúÎãπÌûõ https://t.co/3wK0DQtxof,1.81663E+18,https://pbs.twimg.com/media/GTX0qcfacAAQW8P.jpg,,th,no.0 should always be yourself,0,6,49,https://x.com/ykjamseul/status/1816627041619574976,1.10619E+18,ykjamseul
1.81664E+18,Fri Jul 26 00:57:03 +0000 2024,1,Day 28 Narcissism NARCISSISM BY NA JAEMIN #JAEMIN_NARCISSISM #NARCISSISMxITZAVIBE @NA_RCISSISM_ https://t.co/XZN2Z8JJSP,1.81664E+18,https://pbs.twimg.com/media/GTX_Y04agAMg5IF.jpg,,tl,mencintai 7dream,0,3,0,https://x.com/ABLinenahyuck/status/1816638829673271492,1.27497E+18,ABLinenahyuck
1.81663E+18,Fri Jul 26 00:18:06 +0000 2024,0,DAY 28 WITH NARCISSISM NARCISSISM BY NA JAEMIN #JAEMIN_NARCISSISM #NARCISSISMxITZAVIBE @NA_RCISSISM_ https://t.co/IoNyN0jhS5,1.81663E+18,https://pbs.twimg.com/media/GTX2dY-bkAArMIF.jpg,,en,,0,1,0,https://x.com/reneeraise/status/1816629027249226153,2833707925,reneeraise
1.81664E+18,Fri Jul 26 00:54:28 +0000 2024,3,day28 ‡∏ß‡∏±‡∏ô‡∏ô‡∏µ‡πâ‡∏Ç‡∏≠‡πÉ‡∏´‡πâ‡∏ö‡∏≠‡∏™‡∏ô‡∏≤‡∏¢‡∏¥‡πâ‡∏° ‡∏´‡∏±‡∏ß‡πÄ‡∏£‡∏≤‡∏∞‡∏°‡∏≤‡∏Å‡∏Å‡∏ß‡πà‡∏≤‡∏ó‡∏µ‡πà‡πÄ‡∏Ñ‡∏¢ ‡πÄ‡∏õ‡πá‡∏ô‡∏ß‡∏±‡∏ô‡∏ó‡∏µ‡πà‡∏î‡∏µ‡∏ó‡∏∏‡∏Å‡∏™‡∏¥‡πà‡∏á‡∏ó‡∏∏‡∏Å‡∏≠‡∏¢‡πà‡∏≤‡∏á‡∏£‡∏≤‡∏ö‡∏£‡∏∑‡πà‡∏ô ‡πÅ‡∏•‡∏∞‡∏Ç‡∏≠‡πÉ‡∏´‡πâ‡∏ö‡∏≠‡∏™‡∏ô‡∏≤‡∏™‡∏î‡πÉ‡∏™‡πÅ‡∏ö‡∏ö‡∏ô‡∏µ‡πâ‡πÉ‡∏ô‡∏ó‡∏∏‡∏Å‡πÜ‡∏ß‡∏±‡∏ô‡∏ô‡πâ‡∏≤‡∏Ñ‡∏ô‡πÄ‡∏Å‡πà‡∏á‡∏áÔ∏è NARCISSISM BY NA JAEMIN #JAEMIN_NARCISSISM #Ïû¨ÎØºÏûëÍ∞ÄÎãò_ÎÇòÎ•¥ÏãúÏãúÏ¶ò_Í∏∞ÎåÄÎêúÎãπÌûõ https://t.co/8rNXwLVUxi,1.81664E+18,https://pbs.twimg.com/ext_tw_video_thumb/1816101421059895296/pu/img/eCyE7E-q6ngEBtEO.jpg,,th,mm ‚ô°„Çô nm ·±∏ê¨πall jaemin ,0,0,3,https://x.com/swicebear_/status/1816638183003898207,1.15176E+18,swicebear_
1.81663E+18,Fri Jul 26 00:20:49 +0000 2024,15,day 28 good morning jaemin NARCISSISM BY NA JAEMIN #JAEMIN_NARCISSISM #Ïû¨ÎØºÏûëÍ∞ÄÎãò_ÎÇòÎ•¥ÏãúÏãúÏ¶ò_Í∏∞ÎåÄÎêúÎãπÌûõ @NA_RCISSISM_ https://t.co/6oEFO7PHtd,1.81663E+18,https://pbs.twimg.com/media/GTX3FnFbgAAiZNk.jpg,,en,solostan ,0,5,29,https://x.com/babynanameow_/status/1816629713332482237,1.73492E+18,babynanameow_
1.81663E+18,Fri Jul 26 00:27:48 +0000 2024,0,DAY-28 with NARCISSISM NARCISSISM BY NA JAEMIN #JAEMIN_NARCISSISM #NARCISSISMxITZAVIBE @NA_RCISSISM_ https://t.co/6jNPu84FTD,1.81663E+18,https://pbs.twimg.com/media/GTX4sYFaUAAJGNG.jpg,,en,Di Bumi,0,1,0,https://x.com/813nanaa/status/1816631468506136696,1.37762E+18,813nanaa
1.81663E+18,Fri Jul 26 00:40:22 +0000 2024,0,Day 28 NARCISSISM JAEMIN PHOTOGRAPHER DEBUT #JAEMIN_NARCISISSM #Ïû¨ÎØºÏûëÍ∞ÄÎãò_ÎÇòÎ•¥ÏãúÏãúÏ¶ò_Í∏∞ÎåÄÎêúÎãπÌûõ @NA_RCISSISM_ https://t.co/TcUWIAW128,1.81663E+18,https://pbs.twimg.com/media/GTX7kYJbwAANpze.jpg,,en,,0,0,0,https://x.com/baenachii/status/1816634633095905784,1.52982E+18,baenachii
1.81663E+18,Fri Jul 26 00:15:39 +0000 2024,1,Day 28 NARCISSISMÔ∏è NARCISSISM BY NA JAEMIN #JAEMIN_NARCISSISM #NARCISSISMxITZAVIBE @NA_RCISSISM_ https://t.co/0spm3atGLA,1.81663E+18,https://pbs.twimg.com/media/GTX16ZbboAAgfY2.jpg,,tl,,0,7,0,https://x.com/sslm_na13/status/1816628411449901407,1.4474E+18,sslm_na13
1.81662E+18,Fri Jul 26 00:00:00 +0000 2024,5,‡∏™‡∏ß‡∏±‡∏™‡∏î‡∏µ‡∏ô‡∏¥‡∏ó‡∏£‡∏£‡∏®‡∏Å‡∏≤‡∏£‡∏ß‡∏±‡∏ô‡∏ó‡∏µ‡πà 28 ‡∏Ñ‡πà‡∏∞ ‡∏≠‡∏µ‡∏Å‡πÅ‡∏Ñ‡πà‡πÑ‡∏°‡πà‡∏Å‡∏µ‡πà‡∏ß‡∏±‡∏ô‡∏ô‡∏¥‡∏ó‡∏£‡∏£‡∏®‡∏Å‡∏≤‡∏£‡∏Å‡πá‡∏à‡∏∞‡∏à‡∏ö‡πÅ‡∏•‡πâ‡∏ß‡∏Ñ‡πà‡∏∞ ‡πÄ‡∏ß‡∏•‡∏≤‡∏ú‡πà‡∏≤‡∏ô‡πÑ‡∏õ‡πÑ‡∏ß‡∏°‡∏≤‡∏Å‡πÜ‡πÄ‡∏•‡∏¢„Öú„Öú ‡πÑ‡∏°‡πà‡∏ß‡πà‡∏≤‡∏¢‡∏±‡∏á‡∏á‡∏±‡∏¢‡∏Ç‡∏≠‡πÉ‡∏´‡πâ‡∏ß‡∏±‡∏ô‡∏ô‡∏µ‡πâ‡πÄ‡∏õ‡πá‡∏ô‡∏ó‡∏µ‡πà‡∏î‡∏µ‡∏Ç‡∏≠‡∏á‡πÅ‡∏à‡∏°‡∏¥‡∏ô‡πÅ‡∏•‡∏∞‡∏ó‡∏∏‡∏Å‡∏Ñ‡∏ô‡∏ô‡∏∞‡∏Ñ‡∏∞ ‡∏≠‡∏¢‡πà‡∏≤‡∏•‡∏∑‡∏°‡∏ó‡∏≤‡∏ô‡∏Ç‡πâ‡∏≤‡∏ß‡∏ô‡∏±‡∏≤ ‡∏°‡∏≤‡∏ö‡∏∏‡∏™‡∏ö‡∏∏‡∏™‡∏™‡πà‡∏á‡∏Ñ‡∏ß‡∏≤‡∏°‡∏£‡∏±‡∏Å‡πÉ‡∏´‡πâ‡πÅ‡∏à‡∏°‡∏¥‡∏ô‡∏Å‡∏±‡∏ô‡∏Ñ‡πà‡∏∞ ‚≠êÔ∏è NARCISSISM BY NA JAEMIN #JAEMIN_NARCISSISM https://t.co/5oVqqD9SHM,1.81662E+18,https://pbs.twimg.com/media/GTXsRnaaQAA_HA3.jpg,,th,"personal acc ,  ÎÇòÎÇòÎ∞îÎùºÍ∏∞",0,3,16,https://x.com/twyu__/status/1816624473438593203,1.25408E+18,twyu__
1.81736E+18,Sun Jul 28 00:36:38 +0000 2024,721,drop for jaemin ! day 30 narcissismÔ∏è NARCISSISM BY NA JAEMIN #JAEMIN_NARCISSISM #NARCISSISMxITZAVIBE @NA_RCISSISM_ https://t.co/QMYUBWlHEd,1.81736E+18,https://pbs.twimg.com/media/GTiN5IOaoAAPXix.jpg,,en,shopee recommendation : ,2,263,438,https://x.com/jungshasa/status/1817358468166398038,1.30762E+18,jungshasa
1.81739E+18,Sun Jul 28 03:00:08 +0000 2024,600,[] Today marks the 30th day of &lt;NARCISSISM : JAEMIN 1st PHOTO EXHIBITION&gt; RT &amp; REPLY ‚ÄºÔ∏è NARCISSISM BY NA JAEMIN #JAEMIN_NARCISSISM #NARCISSISMxITZAVIBE @NA_RCISSISM_ https://t.co/OZOgNfxZJA,1.81739E+18,https://pbs.twimg.com/media/GTiuuoza8AAOI_6.jpg,,en,,3,172,573,https://x.com/813UPDATES/status/1817394581530660948,8.46968E+17,813UPDATES
1.81742E+18,Sun Jul 28 04:54:41 +0000 2024,348,NARCISSISM - JAEMIN 1st PHOTO EXHIBITION #JAEMIN_NARCISSISM #Ïû¨ÎØºÏûëÍ∞ÄÎãò_ÎÇòÎ•¥ÏãúÏãúÏ¶ò_Í∏∞ÎåÄÎêúÎãπÌûõ @NA_RCISSISM_ https://t.co/oN7GPuacCu,1.81742E+18,https://pbs.twimg.com/media/GTjI6zNakAApfbz.jpg,,en,Ìä∏ÏúÑÌÑ∞Ïóê ÏòÅÏÉÅ Ï†ÄÏû•(ÎÖπÌôî)Ìï¥ÏÑú Ïû¨ÏóÖÎ°úÎìú ÌïòÏßÄÎßàÏÑ∏Ïöî.,0,0,207,https://x.com/8NAJAEM1N3/status/1817423407270744202,1.39188E+18,8NAJAEM1N3
1.81735E+18,Sun Jul 28 00:15:44 +0000 2024,309,a thread of the very adorable markhyuck moments we got thanks to jaemin s narcissism exhibition: #markhyuck #Îß†Îèô https://t.co/nYOObUYyb0,1.81735E+18,https://pbs.twimg.com/media/GTiJG0daQAAHIOD.jpg,,en,üáÆüá© in üáπüáº | free üáµüá∏,0,1,101,https://x.com/markyourhaert/status/1817353209272488061,1.72032E+18,markyourhaert
1.81768E+18,Sun Jul 28 21:59:36 +0000 2024,301,WE LOVE YOU NA JAEMIN WE LOVE YOU NA JAEMIN WE LOVE YOU NA JAEMIN WE LOVE YOU NA JAEMIN WE LOVE YOU NA JAEMIN WE LOVE YOU NA JAEMIN WE LOVE YOU NA JAEMIN WE LOVE YOU NA JAEMIN WE LOVE YOU NA JAEMIN WE LOVE YOU NA JAEMIN https://t.co/4DDRl5ojED,1.81768E+18,https://pbs.twimg.com/ext_tw_video_thumb/1813157896362029056/pu/img/v8rjRSTUacO-Trse.jpg,,en,,1,12,57,https://x.com/RiskadwiR56527/status/1817681337538781365,1.70555E+18,RiskadwiR56527
1.81739E+18,Sun Jul 28 02:23:36 +0000 2024,336,A MONTHVERSARY OF NARCISSISM NARCISSISM BY NA JAEMIN #JAEMIN_NARCISSISM #NARCISSISMxITZAVIBE @NA_RCISSISM_ https://t.co/lGVIOIgtHv,1.81739E+18,https://pbs.twimg.com/media/GTimXxFbQAAHkK7.jpg,,en,JM & IU only‚ú®,1,88,228,https://x.com/seimeizu/status/1817385389772189959,1503820092,seimeizu
1.81757E+18,Sun Jul 28 14:52:10 +0000 2024,62,Terima kasih sudah jajan komis disini ya!! #commissionsopen #opencommission #chibi #fanart #artatih #opencommis #commissions #artidn #JAEMIN_NARCISSISM #JAEMIN #SCOUPS #Jeno #KYUNGSOO https://t.co/86Z8ydkP4F,1.81757E+18,https://pbs.twimg.com/media/GTlRtTMbgAAZcH-.jpg,,in,Di Hati Renjun ,2,1,41,https://x.com/Artatih_/status/1817573772360298808,1.33337E+18,Artatih_
1.81755E+18,Sun Jul 28 13:00:58 +0000 2024,24,Finally i uploaded this video This a short tour inside PB Narcissism Magazine ver from Jaemin Exhibition So beautiful #JAEMIN_NARCISSISM #NARCISSISM #NCTDREAM #JAEMIN https://t.co/AQOEMCOBGs,1.81755E+18,https://pbs.twimg.com/amplify_video_thumb/1817545669047119872/img/7glc3vjhqXSQdrqe.jpg,,en,,0,2,1,https://x.com/MissPark275/status/1817545785606856846,1.55232E+18,MissPark275
1.81758E+18,Sun Jul 28 15:33:36 +0000 2024,2,NARCISSISM PHOTO EXHIBIT BY JAEMIN im just so happy that i managed to squeezed in this visit despite having a hectic sched! everything was worth it. https://t.co/hkHTGvMTEA,1.81758E+18,https://pbs.twimg.com/media/GTlbKsYbYAAwjAf.jpg,,en,kun‚Äôs cloud ,0,1,0,https://x.com/yellowcaardd/status/1817584195876843978,1.38298E+18,yellowcaardd
1.8175E+18,Sun Jul 28 09:52:13 +0000 2024,0, want to sell wts na jaemin narcissism md ; 330k (lp poster mark haechan jeno) ; 90k (card cover jeno jaemin) take all 170k ‚óá exclude adm 9% link co = https://t.co/ZZXSE2dyqk semarang ina # wts lfb nct dream lp poster card cover narcissism merchandise https://t.co/6MWchTENev,1.8175E+18,https://pbs.twimg.com/media/GTkNDXzbUAAlWiV.jpg,,en,Nomin Coty üéÄ,1,1,0,https://x.com/_orenjiii/status/1817498284019327119,1.44277E+18,_orenjiii
1.8174E+18,Sun Jul 28 03:36:35 +0000 2024,3,udah yaa jangan oversharing #MARK #HAECHAN NARCISSISM BY NA JAEMIN #NARCISSISM #JAEMIN_NARCISSISM @NA_RCISSISM_ https://t.co/a9aiC6ptJD,1.8174E+18,https://pbs.twimg.com/media/GTi3E1ubMAERz8h.jpg,,in,,0,0,3,https://x.com/ropirupi___/status/1817403755127828557,1.38868E+18,ropirupi___
1.81737E+18,Sun Jul 28 01:07:57 +0000 2024,1,DAY 30 NARCISSISM NARCISSISM BY NA JAEMIN #JAEMIN_NARCISSISM #NARCISSISMxITZAVIBE @NA_RCISSISM_ https://t.co/5N2wbGUChg,1.81737E+18,https://pbs.twimg.com/media/GTiVD3Vb0AAnTTZ.jpg,,tl,Rumah Jaemin,0,0,0,https://x.com/usahananaa/status/1817366351054565841,1.29376E+18,usahananaa
1.81759E+18,Sun Jul 28 16:06:50 +0000 2024,431,dri kmren di hantam sana sini pertanda jaemin cb actor jaemin magazine jaemin solo semakin di depan Ô∏è‚Äç,1.81759E+18,,,in,solodoongie ,1,5,116,https://x.com/najee813/status/1817592561265197473,1.79041E+18,najee813
1.81743E+18,Sun Jul 28 05:21:56 +0000 2024,107,7ÏõîÏùò ÎßàÏßÄÎßâ Ï£ºÎßêÏóêÎèÑ #JAEMIN_NARCISSISM #Ïû¨ÎØºÏûëÍ∞ÄÎãò_ÎÇòÎ•¥ÏãúÏãúÏ¶ò_Í∏∞ÎåÄÎêúÎãπÌûõ @NA_RCISSISM_ https://t.co/p7hLVZtkXJ,1.81743E+18,https://pbs.twimg.com/media/GTjPHz1acAAavO_.jpg,,ko,,0,0,49,https://x.com/narshmallow813/status/1817430265104670817,1.11333E+18,narshmallow813
1.8176E+18,Sun Jul 28 16:28:10 +0000 2024,0,:¬®¬∑.¬∑¬®: `¬∑. …¥·¥Ä Ä·¥Ñ…™ss…™s·¥ç ¬∞*Ôæü #JAEMIN #Ïû¨ÎØº #NARCISSISM #JAEMIN_NARCISSISM #NCT #NCTDREAM https://t.co/wyBG52s2Rn,1.8176E+18,https://pbs.twimg.com/media/GTlnq37aoAAIuTX.jpg,,und,Î¥á / BOT,0,0,2,https://x.com/na_jaemin0813b/status/1817597931043860768,1.69694E+18,na_jaemin0813b
1.81738E+18,Sun Jul 28 02:09:58 +0000 2024,1,‡πÅ‡∏à‡∏°‡∏¥‡∏ô‡∏Ñ‡∏∑‡∏≠‡∏Ñ‡∏ß‡∏≤‡∏°‡∏†‡∏≤‡∏Ñ‡∏†‡∏π‡∏°‡∏¥‡πÉ‡∏à‡∏Ç‡∏≠‡∏á‡∏ô‡∏≤‡∏ô‡∏∞‡∏î‡∏∏‡∏á‡∏á‡∏µ‡πà/‡∏ô‡∏≤‡∏ô‡∏∞‡∏ö‡∏≤‡∏£‡∏≤‡∏Å‡∏¥ NARCISSISM BY NA JAEMIN #JAEMIN_NARCISSISM @NA_RCISSISM_ https://t.co/XTo5k68k2K,1.81738E+18,https://pbs.twimg.com/ext_tw_video_thumb/1817381898983014400/pu/img/KeATbH24symvkyIW.jpg,,th,with {7} dreamies | 10.2.2020,0,0,2,https://x.com/jaocherx/status/1817381956331634807,1.07639E+18,jaocherx
1.81737E+18,Sun Jul 28 01:15:32 +0000 2024,296,NARCISSISM BY NA JAEMIN #JAEMIN_NARCISSISM #NARCISSISMxITZAVIBE @NA_RCISSISM_ https://t.co/2IxmLdSVOi,1.81737E+18,https://pbs.twimg.com/media/GTiWzCmaMAAUdfB.jpg,,tl,,0,55,125,https://x.com/jjarchiv/status/1817368256300417128,8.45946E+17,jjarchiv
1.81735E+18,Sun Jul 28 00:13:53 +0000 2024,351,CRYING TODAY IS The thirtieth day with 'NARCISSISM'Ô∏è NARCISSISM BY NA JAEMIN #JAEMIN_NARCISSISM #NARCISSISMxITZAVIBE @NA_RCISSISM_ https://t.co/HIsfBzdiTu,1.81735E+18,https://pbs.twimg.com/ext_tw_video_thumb/1817352723039145984/pu/img/WR6Gt_H9rtE0j5Hu.jpg,,en,,1,93,236,https://x.com/NJM_File/status/1817352744325255331,1.55164E+18,NJM_File
1.81748E+18,Sun Jul 28 08:52:00 +0000 2024,27,i am so honored to have witnessed your passion and hard work. more than loving you i love myself for being so brave and go even against myself to be here sharing this moment with you. JAEMIN PHOTOGRAPHER DEBUT #JAEMIN_NARCISSISM #Ïû¨ÎØºÏûëÍ∞ÄÎãò_ÎÇòÎ•¥ÏãúÏãúÏ¶ò_Í∏∞ÎåÄÎêúÎãπÌûõ @NA_RCISSISM_ https://t.co/yAnCtsXvH2,1.81748E+18,https://pbs.twimg.com/media/GTj_RL-b0AAGfhl.jpg,,en,üîû mdni | eng & ptbr,0,2,0,https://x.com/samokitties/status/1817483131009814829,34436276,samokitties
1.81824E+18,Tue Jul 30 11:03:27 +0000 2024,3746,&lt;NARCISSISM : #JAEMIN 1st PHOTO EXHIBITION&gt; Limited Edition Artwork will be on sale More info: https://t.co/QVATSgO6bq #NCTDREAM @NCTsmtown_DREAM https://t.co/WMil6BZGaQ,1.81824E+18,https://pbs.twimg.com/media/GTuwiynaoAEnzdG.jpg,,en,,1284,5,2437,https://x.com/NCTDREAMCENTER/status/1818240989888434552,9.56136E+17,NCTDREAMCENTER
1.81824E+18,Tue Jul 30 11:03:38 +0000 2024,1066,nct! GUYSSS FRAME NARCISSISM YANG BAKAL DIJUAL HARGANYA 6-7 JUTAAN INI BAKAL DI DONASIIN SEMUA YAAAAH PROFITNYA DONASI DARI PEMBELI &amp; JAEMIN &amp; DREAMIES https://t.co/3iE1cFl411,1.81824E+18,https://pbs.twimg.com/media/GTuwlQUbkAAbpvM.jpg,,in,SEND MF:,85,58,158,https://x.com/nct_menfess/status/1818241032573854157,1.27501E+18,nct_menfess
1.81811E+18,Tue Jul 30 02:28:33 +0000 2024,3225,narcissism is the best thing that ever happened to me as a nanadoongie i will forever be proud and happy for jaemin finally his dream came true. WE LOVE YOU PHOTOGRAPHER JAEMIN! https://t.co/vtu1GEr3r4,1.81811E+18,https://pbs.twimg.com/media/GTs6rqUbUAAD2Ng.jpg,,en,üáµüá∏,22,6,1301,https://x.com/jaeminners/status/1818111409026449867,1.31052E+18,jaeminners
1.81826E+18,Tue Jul 30 12:24:58 +0000 2024,18,ÂÜôÁúüÂ±ï„Çπ„Éà„Éº„É™„Éº„Åß„ÄÅ„ÅÇ„Åæ„Çä„Å´„ÇÇ„Åã„Çè„ÅÑ„Åã„Å£„Åü„ÉÅ„Éß„É≥„É≠„Åæ„Å®„ÇÅ Áå´ËÄ≥„Éë„Éº„Ç´„Éº„ÉÅ„Éß„É≥„É≠ Ë±ö„ÅÆËÄ≥„Åø„Åü„ÅÑ Ë±ö„ÅÆËÄ≥ w („ÅÇ„Çâ„Çâ) „Ç∏„Çß„Éü„É≥„Å´„Çà„Åó„Çà„Åó„Åï„Çå„ÇãÊãó„Å≠„ÉÅ„Éß„É≥„É≠ #JAEMIN_NARCISSISM #NARCISSISM https://t.co/4WdeSOiNIN,1.81826E+18,https://pbs.twimg.com/ext_tw_video_thumb/1818261467906670593/pu/img/yC4n7SN7ODgS36wz.jpg,,ja,,0,1,1,https://x.com/4cfc8afb40a7be1/status/1818261500429205591,1.54126E+18,4cfc8afb40a7be1
1.81825E+18,Tue Jul 30 11:53:02 +0000 2024,17,[rt &amp; like are very appreciate] FREEBIES ONLINE BIRTHDAY MARK JAEMIN How to claim? Please read the rules on pict. Link https://t.co/A2uurMEUMM Preview rilpict nya cek dipostingan aku ini yaa #JAEMIN_NARCISSISM #MARKLEE https://t.co/wjfEpEvb7p,1.81825E+18,https://pbs.twimg.com/media/GTu75D5aoAA7Nz9.jpg,,en,,0,4,18,https://x.com/matchaaanana/status/1818253468181958844,1.78267E+18,matchaaanana
1.81824E+18,Tue Jul 30 11:01:24 +0000 2024,338,Narcissism artwork frame!! Thank you Jaemin https://t.co/GZBe52k3Hh,1.81824E+18,https://pbs.twimg.com/media/GTuwEc-agAAib46.jpg,,en,gle ‚ô° gres ,66,0,148,https://x.com/jenowley/status/1818240473951338973,1.34034E+18,jenowley
1.81818E+18,Tue Jul 30 06:51:27 +0000 2024,92,The amount of jeno photos in that tiny room . NARCISSISM BY NA JAEMIN #JAEMIN_NARCISSISM #NARCISSISMxITZAVIBE @NA_RCISSISM_ https://t.co/Iu4cmWUrtM,1.81818E+18,https://pbs.twimg.com/ext_tw_video_thumb/1818177528638631936/pu/img/T00uBaAGLgfkMgUu.jpg,,en,,0,0,9,https://x.com/bhabydoll14/status/1818177569398878504,30614830,bhabydoll14
1.81808E+18,Tue Jul 30 00:09:40 +0000 2024,1308,DROP the tags nanadoongieÔ∏è: NARCISSISM BY NA JAEMIN #JAEMIN_NARCISSISM #NARCISSISMxITZAVIBE @NA_RCISSISM_ https://t.co/apZcyufrU1,1.81808E+18,https://pbs.twimg.com/media/GTsa5YJW0AET2Cx.jpg,,tl,,2,319,629,https://x.com/NJM_File/status/1818076456238403647,1.55164E+18,NJM_File
1.81831E+18,Tue Jul 30 15:20:32 +0000 2024,5,narcissism LPs: mark and haechan through jaemin s lenses https://t.co/3apf340SBN,1.81831E+18,https://pbs.twimg.com/media/GTvrYLrbcAAMKWh.jpg,,en,,0,0,1,https://x.com/lmrk0802/status/1818305684611666097,1.55048E+18,lmrk0802
1.81811E+18,Tue Jul 30 02:34:53 +0000 2024,17,The photo at the exhibit are all beautiful and I have a few favorites. It just sucks coz I can't take photos without glares lol. But this is my top 4. NARCISSISM BY NA JAEMIN #JAEMIN_NARCISSISM #NARCISSISMxITZAVIBE @NA_RCISSISM_ https://t.co/LLyMvY2S7s,1.81811E+18,https://pbs.twimg.com/media/GTs8F4ZbkAEzYAa.jpg,,en,,0,1,4,https://x.com/bhabydoll14/status/1818113002723504128,30614830,bhabydoll14
1.81823E+18,Tue Jul 30 10:17:05 +0000 2024,77,Photographer Jaemin thank you so much for sharing your youth filled with dream with us. NARCISSISM BY NA JAEMIN #JAEMIN_NARCISSISM @NA_RCISSISM_ https://t.co/z7Vz7I32vH,1.81823E+18,https://pbs.twimg.com/media/GTulfFfacAAb-FT.jpg,,en,PH,0,0,14,https://x.com/annyeongYunossi/status/1818229321284423784,1.37931E+18,annyeongYunossi
1.81809E+18,Tue Jul 30 01:05:29 +0000 2024,513,drop for day 32 ! narcissism by photographer jaemin Ô∏è NARCISSISM BY NA JAEMIN #JAEMIN_NARCISSISM #NARCISSISMxITZAVIBE @NA_RCISSISM_ https://t.co/134ADmRYBE,1.81809E+18,https://pbs.twimg.com/media/GTsnrSzaYAAXxOU.jpg,,en,shopee recommendation : ,3,194,329,https://x.com/jungshasa/status/1818090504359391356,1.30762E+18,jungshasa
1.81831E+18,Tue Jul 30 15:39:27 +0000 2024,33,Secured all non-sold out items for #JAEMIN_NARCISSISM for those that are sold out i will issue a refund once im back to Malaysia! #NANATlONgos https://t.co/zALGdyXC5s,1.81831E+18,https://pbs.twimg.com/media/GTvvsl_a0AAkWl7.jpg,,en,DREAM ‚ú®,1,0,2,https://x.com/NANATlON/status/1818310444521853276,1.16024E+18,NANATlON
1.81824E+18,Tue Jul 30 11:15:53 +0000 2024,60,[] &lt;NARCISSISM : JAEMIN 1st PHOTO EXHIBITION&gt; ARTWORK [Limited Edition] ONLINE SALES NOTICE #JAEMIN #Ïû¨ÎØº #JAEMIN_NARCISSISM https://t.co/TmJTevrrSW,1.81824E+18,https://pbs.twimg.com/media/GTuzYK6bIAAR5Ao.jpg,,en,,7,0,42,https://x.com/813UPDATES/status/1818244118197543123,8.46968E+17,813UPDATES
1.81808E+18,Tue Jul 30 00:25:06 +0000 2024,188,omg i m so emotional rn narcissism was one of the best things that ever happened to nanabaragis our boy is so talented and loved we re so proud of photographer na jaemin Ô∏è NARCISSISM BY NA JAEMIN #JAEMIN_NARCISSISM #NARCISSISMxITZAVIBE @NA_RCISSISM_ https://t.co/oJ3fODWtu0,1.81808E+18,https://pbs.twimg.com/media/GTsebtlW8AA_6WW.jpg,,en,latina / 18 / solodoongie ‚ù§Ô∏é,2,43,142,https://x.com/bypinkki/status/1818080343049773137,1.78769E+18,bypinkki
1.81811E+18,Tue Jul 30 02:16:59 +0000 2024,839,last day to use these tags let s boost it as much as possible today NARCISSISM BY NA JAEMIN #JAEMIN_NARCISSISM #NARCISSISMxITZAVIBE @NA_RCISSISM_ https://t.co/9QY61kZgAq,1.81811E+18,https://pbs.twimg.com/media/GTs4CsSaEAACNeJ.jpg,,en,,10,270,411,https://x.com/jjarchiv/status/1818108498598875607,8.45946E+17,jjarchiv
1.81824E+18,Tue Jul 30 11:08:34 +0000 2024,462, According to the artist's wishes 100% of the proceeds from the sale will be donated NARCISSISM BY NA JAEMIN #JAEMIN_NARCISSISM #NARCISSISMxITZAVIBE @NA_RCISSISM_ https://t.co/ceys82dnpt,1.81824E+18,https://pbs.twimg.com/media/GTuxs04awAARbDJ.jpg,,en,,65,0,344,https://x.com/hourlyjaeminn/status/1818242276419846246,1.54612E+18,hourlyjaeminn
1.81813E+18,Tue Jul 30 03:33:54 +0000 2024,30,narcissism by photographer jaemin NARCISSISM BY NA JAEMIN #JAEMIN_NARCISSISM #NARCISSISMxITZAVIBE @NA_RCISSISM_ https://t.co/yDCoFjW71z,1.81813E+18,https://pbs.twimg.com/media/GTtJngWbQAA_-2c.jpg,,en,üêØüê∞üåπüê¨,0,5,7,https://x.com/82venfairy/status/1818127854875631706,1.36518E+18,82venfairy
1.81825E+18,Tue Jul 30 11:35:28 +0000 2024,3, According to the artist's wishes 100% of the proceeds from the sale will be donated keren banget jaemin Ô∏è NARCISSISM BY NA JAEMIN #JAEMIN_NARCISSISM @NA_RCISSISM_ https://t.co/YgVLNFZ6kb,1.81825E+18,https://pbs.twimg.com/media/GTu33LJbEAAtYtE.jpg,,en,solo stan ,0,0,1,https://x.com/yongqinjm/status/1818249043593822653,1.56661E+18,yongqinjm
1.81807E+18,Tue Jul 30 00:03:01 +0000 2024,1098,Drop tags for narcissism before it ends NARCISSISM BY NA JAEMIN #JAEMIN_NARCISSISM #NARCISSISMxITZAVIBE @NA_RCISSISM_ https://t.co/k5YUFAvZnI,1.81807E+18,https://pbs.twimg.com/ext_tw_video_thumb/1818074565945487360/pu/img/UzIJ-Cb078BQ0dTs.jpg,,en,,22,486,753,https://x.com/hourlyjaeminn/status/1818074786658140527,1.54612E+18,hourlyjaeminn
1.81808E+18,Tue Jul 30 00:04:27 +0000 2024,29,Finally!!!! I'm going to see Jaemin's exhibit . I didn't think I'd ever make it here but better late than never . #JAEMIN_NARCISSISM #JAEMIN https://t.co/8nKZQSl0CT,1.81808E+18,https://pbs.twimg.com/media/GTsZs2KaQAErKHM.jpg,,en,,0,1,0,https://x.com/bhabydoll14/status/1818075147062161863,30614830,bhabydoll14
1.81808E+18,Tue Jul 30 00:08:33 +0000 2024,0,NARCISSISM BY NA JAEMIN #JAEMIN_NARCISSISM #NARCISSISMxITZAVIBE @NA_RCISSISM_ https://t.co/BwsM90RUSY,1.81808E+18,https://pbs.twimg.com/media/GTsaoLtacAATzlV.jpg,,tl,Bogor,0,0,0,https://x.com/Yagami_Reni/status/1818076175954231451,363744858,Yagami_Reni
1.81808E+18,Tue Jul 30 00:09:07 +0000 2024,6,Day 32 NARCISSISM NARCISSISM BY NA JAEMIN #JAEMIN_NARCISSISM #NARCISSISMxITZAVIBE @NA_RCISSISM_ https://t.co/mLFMB7VqYu,1.81808E+18,https://pbs.twimg.com/media/GTsawSRaUAAqQ_r.jpg,,tl,,0,16,1,https://x.com/Yunterm/status/1818076318254383176,1.23303E+18,Yunterm
1.81808E+18,Tue Jul 30 00:04:25 +0000 2024,1, NARCISSISM BY NA JAEMIN #JAEMIN_NARCISSISM #NARCISSISMxITZAVIBE @NA_RCISSISM_,1.81808E+18,,,tl,akgae ,0,0,1,https://x.com/user13082000_/status/1818075136832242152,1.46808E+18,user13082000_
1.81807E+18,Tue Jul 30 00:04:09 +0000 2024,0,@hourlyjaeminn @NA_RCISSISM_ NARCISSISM BY NA JAEMIN #JAEMIN_NARCISSISM #NARCISSISMxITZAVIBE @NA_RCISSISM_,1.81808E+18,,hourlyjaeminn,tl,akgae ,0,0,0,https://x.com/user13082000_/status/1818075071057142160,1.46808E+18,user13082000_
1.81807E+18,Tue Jul 30 00:04:20 +0000 2024,0,@milinajane @NA_RCISSISM_ NARCISSISM BY NA JAEMIN #JAEMIN_NARCISSISM @NA_RCISSISM_,1.81808E+18,,milinajane,tl,nanaisgodbecausenanaisreal,0,0,0,https://x.com/Sailorneww/status/1818075117517524999,473937879,Sailorneww
1.81807E+18,Tue Jul 30 00:00:10 +0000 2024,0,D-32 NARCISSISM BY NA JAEMIN #JAEMIN_NARCISSISM @NA_RCISSISM_,1.81807E+18,,,tl,,0,0,0,https://x.com/jlynrj/status/1818074066542272684,1.43042E+18,jlynrj
1.81807E+18,Tue Jul 30 00:03:46 +0000 2024,0,@hourlyjaeminn @NA_RCISSISM_ NARCISSISM BY NA JAEMIN #JAEMIN_NARCISSISM #NARCISSISMxITZAVIBE @NA_RCISSISM_,1.81807E+18,,hourlyjaeminn,tl,Ïû¨ÎØºüê∞,0,0,0,https://x.com/jaemyeochin/status/1818074972348428774,1.71458E+18,jaemyeochin
1.81807E+18,Tue Jul 30 00:03:33 +0000 2024,0,@hourlyjaeminn @NA_RCISSISM_ NARCISSISM BY NA JAEMIN #JAEMIN_NARCISSISM #NARCISSISMxITZAVIBE @NA_RCISSISM_,1.81807E+18,,hourlyjaeminn,tl,,0,0,0,https://x.com/mylvlyjaemin/status/1818074918950699024,1.56463E+18,mylvlyjaemin
1.81807E+18,Tue Jul 30 00:07:32 +0000 2024,0,@hourlyjaeminn @NA_RCISSISM_ NARCISSISM BY NA JAEMIN #JAEMIN_NARCISSISM #NARCISSISMxITZAVIBE @NA_RCISSISM_,1.81808E+18,,hourlyjaeminn,tl,1308 2304 0502,0,0,0,https://x.com/mommyjaehjeno/status/1818075920974106796,1.2387E+18,mommyjaehjeno
1.81807E+18,Tue Jul 30 00:04:13 +0000 2024,0,@hourlyjaeminn NARCISSISM BY NA JAEMIN #JAEMIN_NARCISSISM #NARCISSISMxITZAVIBE @NA_RCISSISM_,1.81808E+18,,hourlyjaeminn,tl,pen mae no only,0,0,0,https://x.com/ffrongg_/status/1818075085485523352,1.25862E+18,ffrongg_
1.81807E+18,Tue Jul 30 00:05:39 +0000 2024,0,@hourlyjaeminn @NA_RCISSISM_ NARCISSISM BY NA JAEMIN #JAEMIN_NARCISSISM #NARCISSISMxITZAVIBE @NA_RCISSISM_,1.81808E+18,,hourlyjaeminn,tl,NCT Dream,0,0,0,https://x.com/jaemnoona1308/status/1818075445209989421,9.99101E+17,jaemnoona1308
1.81807E+18,Tue Jul 30 00:06:50 +0000 2024,0,@hourlyjaeminn @NA_RCISSISM_ NARCISSISM BY NA JAEMIN #JAEMIN_NARCISSISM #NARCISSISMxITZAVIBE @NA_RCISSISM_,1.81808E+18,,hourlyjaeminn,tl,,0,0,0,https://x.com/pinkiijaem/status/1818075746847641926,1.42782E+18,pinkiijaem
1.81808E+18,Tue Jul 30 00:04:55 +0000 2024,0,‡πÉ‡∏Å‡∏•‡πâ‡∏à‡∏∞‡∏à‡∏ö‡∏ô‡∏¥‡∏ó‡∏£‡∏£‡∏®‡∏Å‡∏≤‡∏£‡πÅ‡∏•‡πâ‡∏ß‡∏Ñ‡πâ‡∏≤‡∏ö‡∏ö‡∏ö ‡∏ï‡πâ‡∏≠‡∏á‡∏Ñ‡∏¥‡∏î‡∏ñ‡∏∂‡∏á‡∏°‡∏≤‡∏Å‡πÅ‡∏ô‡πà ‡πÜ ‡∏Ç‡∏≠‡πÉ‡∏´‡πâ‡∏£‡∏≤‡∏ö‡∏£‡∏∑‡πà‡∏ô‡∏ú‡πà‡∏≤‡∏ô‡πÑ‡∏õ‡πÑ‡∏î‡πâ‡∏î‡πâ‡∏ß‡∏¢‡∏î‡∏µ‡∏Ñ‡πâ‡∏≤‡∏ö‡∏ö NARCISSISM BY NA JAEMIN #JAEMIN_NARCISSISM #NARCISSISMxITZAVIBE @NA_RCISSISM_,1.81808E+18,,,th,jaemin only,0,0,0,https://x.com/Juvliae/status/1818075260652318896,1.70273E+18,Juvliae
1.81807E+18,Tue Jul 30 00:06:15 +0000 2024,0,@hourlyjaeminn @NA_RCISSISM_ NARCISSISM BY NA JAEMIN #JAEMIN_NARCISSISM #NARCISSISMxITZAVIBE @NA_RCISSISM_,1.81808E+18,,hourlyjaeminn,tl,Bogor,0,0,0,https://x.com/Yagami_Reni/status/1818075597031313517,363744858,Yagami_Reni
1.81807E+18,Tue Jul 30 00:05:20 +0000 2024,0,@milinajane @NA_RCISSISM_ NARCISSISM BY NA JAEMIN #JAEMIN_NARCISSISM @NA_RCISSISM_,1.81808E+18,,milinajane,tl,,0,0,0,https://x.com/creammy_cream36/status/1818075366533308731,3076302308,creammy_cream36
1.81807E+18,Tue Jul 30 00:04:21 +0000 2024,0,@hourlyjaeminn @NA_RCISSISM_ NARCISSISM BY NA JAEMIN #JAEMIN_NARCISSISM #NARCISSISMxITZAVIBE @NA_RCISSISM_,1.81808E+18,,hourlyjaeminn,tl,üåªüçÄ,0,0,0,https://x.com/forminenana/status/1818075119123841133,1.25217E+18,forminenana
1.81807E+18,Tue Jul 30 00:04:23 +0000 2024,0,@hourlyjaeminn @NA_RCISSISM_ NARCISSISM BY NA JAEMIN #JAEMIN_NARCISSISM #NARCISSISMxITZAVIBE @NA_RCISSISM_,1.81808E+18,,hourlyjaeminn,tl,,0,0,0,https://x.com/cupidelucke/status/1818075126455275934,1.78425E+18,cupidelucke
