,conversation_id_str,created_at,favorite_count,full_text,id_str,lang,quote_count,reply_count,retweet_count,tweet_url,user_id_str,username,translated_text
0,1.81613e+18,Wed Jul 24 15:01:19 +0000 2024,6018,has anybody seen jaemin,1.81613e+18,en,84,3,2153,https://x.com/njaeminlands/status/1816126523180736864,1.6625e+18,njaeminlands,has anybody seen jaemin
1,1.81612e+18,Wed Jul 24 14:33:40 +0000 2024,5081,you know what jeno s team could ve easily won the game with their skills combined but they were too busy laughing cause mark jaemin and jisung were TOO FUNNY and i get it so much it s not their fault,1.81612e+18,en,105,1,1257,https://x.com/njaeminlands/status/1816119563773435923,1.6625e+18,njaeminlands,you know what jeno s team could ve easily won the game with their skills combined but they were too busy laughing cause mark jaemin and jisung were TOO FUNNY and i get it so much it s not their fault
2,1.8161e+18,Wed Jul 24 13:05:45 +0000 2024,79,ùíâùíÜùíçùíë ùëπùëª ùíÇùíèùíÖ ùíçùíäùíåùíÜ hai aku mau share FREEBIES online bantu habisin yhh Jaemin birthday Leo Boys Narcissism 1 Narcissism 2 boleh co yg kalian suka ya,1.8161e+18,in,1,26,45,https://x.com/adanunna/status/1816097439981641771,1.15043e+18,adanunna,ùíâùíÜùíçùíë ùëπùëª ùíÄ
3,1.81602e+18,Wed Jul 24 08:01:50 +0000 2024,14,NARCISSISM Jaemin E hibition TWO SIDES in JKT FREEBIES SUPPORT by [ rt like are appreciated] 8 sept 24 online offline Ôæü10 packs online 10 packs offline Ôæüdetail information on pic Ôæügfrom link TBA see you at the e hibition princess,1.81602e+18,ja,1,2,9,https://x.com/jerknolee/status/1816020954687922240,770694571.0,jerknolee,NARCISSISM Jaemin E hibition TWO SIDES in JKT FREEBIES SUPPORT by [ rt like are appreciated] 8 sept 24 online offline Ôæü10 packs online 10 packs offline Ôæüdetail information on pic Ôæügfrom link TBA see you at the e hibition princess
4,1.81594e+18,Wed Jul 24 02:23:43 +0000 2024,27,„Äö USA GO „Äõ | pls rt Jaemin Narcissism ITZAVIBE pricing 15 00 65 00 deadline july 24th @ 11 59pm cst or cap 20 joiners,1.81594e+18,en,2,0,2,https://x.com/haajiGOs/status/1815935864217985386,1.1719e+18,haajiGOs,„Äö USA GO „Äõ | pls rt Jaemin Narcissism ITZAVIBE pricing 15 00 65 00 deadline july 24th @ 11 59pm cst or cap 20 joiners
5,1.81612e+18,Wed Jul 24 14:16:58 +0000 2024,82,NCT FREEBIES FREE CLAIM Help re tweet are apreciated Detail freebies ada di thread ini ya NCT Dream Anniversary Mark Birthday Jaemin Birthday Narcissism Thank you love,1.81612e+18,en,1,4,55,https://x.com/rinaisandikala/status/1816115362737578209,1.55194e+18,rinaisandikala,NCT FREEBIES FREE CLAIM Help re tweet are apreciated Detail freebies ada di thread ini ya NCT Dream Anniversary Mark Birthday Jaemin Birthday Narcissism Thank you love
6,1.81599e+18,Wed Jul 24 06:18:36 +0000 2024,4,[pls RT] ‡∏£‡∏±‡∏ö‡∏´‡∏¥‡πâ‡∏ß‡∏ô‡∏¥‡∏ó‡∏£‡∏£‡∏®‡∏Å‡∏≤‡∏£‡πÅ‡∏à‡∏°‡∏¥‡∏ô NARCISSISM ‡πÄ‡∏£‡∏≤‡πÄ‡∏Ç‡πâ‡∏≤2‡∏£‡∏≠‡∏ö 26 ‡∏Å‡∏±‡∏ö 29 ‡∏Ñ‡πà‡∏≤ ‡∏£‡∏≤‡∏Ñ‡∏≤‡∏ï‡∏≤‡∏°‡∏†‡∏≤‡∏û‡πÄ‡∏•‡∏¢‡∏Ñ‡πà‡∏∞ ‡πÄ‡∏Å‡πá‡∏ö‡∏£‡∏≠‡∏ö‡πÄ‡∏î‡∏µ‡∏¢‡∏ß ‡∏à‡πà‡∏≤‡∏¢‡πÄ‡∏ï‡πá‡∏° ‡∏Ç‡∏≠‡∏á‡∏´‡∏°‡∏î‡∏Ñ‡∏∑‡∏ô100 ‡∏ô‡∏±‡∏î‡∏£‡∏±‡∏ö‡∏™‡∏¢‡∏≤‡∏° ‡∏•‡∏≤‡∏î‡∏û‡∏£‡πâ‡∏≤‡∏ß ‡∏ô‡∏±‡∏î‡∏£‡∏±‡∏ö‡πÅ‡∏ñ‡∏°‡πÇ‡∏õ‡∏™‡∏Ñ‡∏≠‡∏ô TDS3 ‡∏Ñ‡πà‡∏≤‡∏™‡πà‡∏á 50 ‡∏õ‡∏¥‡∏î‡∏£‡∏±‡∏ö 25 07 ‡πÄ‡∏ß‡∏•‡∏≤ 20 00 ‡πÑ‡∏ó‡∏¢ ‡∏™‡∏ô‡πÉ‡∏àDM,1.81599e+18,th,0,6,5,https://x.com/onyouri__ce/status/1815994977438294142,121051812.0,onyouri__ce,"[pls RT] Pick up the Jaemin NARCISSISM exhibition. We went in 2 rounds, 26 and 29. The price is as shown in the picture. Collect for one round, pay in full. All items returned for 100. Make an appointment to pick up at Siam Lat Phrao. Make an appointment to pick up and get a TDS3 poster. Shipping fee is 50. Closing for pick up 25 07. Time: 20:00 Thailand. If interested, DM."
7,1.81604e+18,Wed Jul 24 09:08:48 +0000 2024,9,‡∏™‡πà‡∏á‡∏ï‡πà‡∏≠‡∏™‡∏¥‡∏ó‡∏ò‡∏¥‡πå NARCISSISM JAEMIN 1st PHOTO EXHIBITION LP POSTER SET ‡πÄ‡∏à‡πÇ‡∏ô‡πà JENO 1 660‡∏ø ‡πÅ‡∏à‡∏°‡∏¥‡∏ô JAEMIN 1 660‡∏ø ‡πÄ‡∏£‡∏≤‡∏ã‡∏∑‡πâ‡∏≠‡∏Å‡∏±‡∏ö‡∏£‡πâ‡∏≤‡∏ô ‡πÄ‡∏õ‡∏•‡∏µ‡πà‡∏¢‡∏ô‡∏ó‡∏µ‡πà‡∏≠‡∏¢‡∏π‡πà‡πÉ‡∏´‡πâ‡πÄ‡∏•‡∏¢‡∏Ñ‡πà‡∏≤ ‡∏£‡∏±‡∏ö‡∏Ñ‡∏π‡πà‡∏Å‡πà‡∏≠‡∏ô‡∏ô‡∏∞‡∏Ñ‡∏∞ ‡πÄ‡∏£‡∏≤‡∏≠‡∏≠‡∏Å‡∏Ñ‡πà‡∏≤‡∏™‡πà‡∏á‡πÉ‡∏´‡πâ‡∏Ñ‡πà‡∏∞,1.81604e+18,und,2,4,2,https://x.com/mytriplejay/status/1816037809104511440,1.4163e+18,mytriplejay,Forwarding rights NARCISSISM JAEMIN 1st PHOTO EXHIBITION LP POSTER SET JENO JENO 1 660‡∏ø Jaemin JAEMIN 1 660‡∏ø We bought from the store. Change your address now. Get a pair first. We pay the shipping cost.
8,1.81596e+18,Wed Jul 24 03:53:18 +0000 2024,405,‡∏ô‡∏≠‡∏Å‡∏à‡∏≤‡∏Å‡∏à‡∏∞‡πÄ‡∏õ‡πá‡∏ô‡∏®‡∏¥‡∏•‡∏õ‡∏¥‡∏ô ‡∏ô‡∏±‡∏Å‡πÅ‡∏™‡∏î‡∏á ‡∏ô‡∏≤‡∏¢‡πÅ‡∏ö‡∏ö ‡∏ä‡πà‡∏≤‡∏á‡∏†‡∏≤‡∏û ‡πÄ‡∏à‡πâ‡∏≤‡∏Ç‡∏≠‡∏á‡∏ô‡∏¥‡∏ó‡∏£‡∏£‡∏®‡∏Å‡∏≤‡∏£ ‡πÅ‡∏•‡πâ‡∏ß‡∏¢‡∏±‡∏á‡πÄ‡∏õ‡πá‡∏ô‡∏•‡∏π‡∏Å‡∏ä‡∏¥‡πâ‡∏ô‡∏î‡πâ‡∏ß‡∏¢‡∏ô‡∏∞ ‡πÄ‡∏Å‡πà‡∏á‡∏≠‡∏∞ NARCISSISM BY NA JAEMIN,1.81596e+18,th,2,100,886,https://x.com/baepna/status/1815958410011238575,3267928549.0,baepna,"In addition to being an artist, actor, model, photographer, and exhibition owner. And it's also a meatball. So good. NARCISSISM BY NA JAEMIN"
9,1.81592e+18,Wed Jul 24 01:22:42 +0000 2024,8,Day 26 ‡πÅ‡∏•‡πâ‡∏ß‡∏†‡∏≤‡∏û‡∏ó‡∏µ‡πà‡πÅ‡∏à‡∏°‡∏¥‡∏ô‡∏ñ‡πà‡∏≤‡∏¢‡∏¢‡∏±‡∏á‡∏™‡∏ß‡∏¢‡∏á‡∏≤‡∏°‡πÄ‡∏™‡∏°‡∏≠‡∏ï‡∏±‡πâ‡∏á‡πÅ‡∏ï‡πà‡∏ß‡∏±‡∏ô‡πÅ‡∏£‡∏Å‡∏à‡∏ô‡∏ñ‡∏∂‡∏á‡∏ß‡∏±‡∏ô‡∏ô‡∏µ‡πâ‡πÄ‡∏•‡∏¢‡∏ô‡∏∞‡∏Ñ‡∏ô‡πÄ‡∏Å‡πà‡∏á ‡∏†‡∏π‡∏°‡∏¥‡πÉ‡∏à‡πÉ‡∏ô‡∏ï‡∏±‡∏ß‡πÅ‡∏à‡∏°‡∏¥‡∏ô‡∏°‡∏≤‡∏Å‡πÜ‡∏ô‡∏∞ ‡∏´‡∏ß‡∏±‡∏á‡∏ß‡πà‡∏≤‡πÉ‡∏ô‡∏≠‡∏ô‡∏≤‡∏Ñ‡∏ï‡∏à‡∏∞‡πÑ‡∏î‡πâ‡∏ó‡∏≥‡∏≠‡∏∞‡πÑ‡∏£‡∏ó‡∏µ‡πà‡∏ä‡∏≠‡∏ö‡πÄ‡∏¢‡∏≠‡∏∞‡πÜ‡πÅ‡∏•‡∏∞‡πÄ‡∏ï‡∏¥‡∏ö‡πÇ‡∏ï‡∏≠‡∏¢‡πà‡∏≤‡∏á‡∏°‡∏µ‡∏Ñ‡∏ß‡∏≤‡∏°‡∏™‡∏∏‡∏Ç‡∏ô‡∏∞‡πÅ‡∏à‡∏°‡∏¥‡∏ô I will always be by your side NARCISSISM BY NA JAEMIN,1.81592e+18,th,0,1,25,https://x.com/mintthyr/status/1815920508527075751,1.17709e+18,mintthyr,"Day 26 and the pictures Jaemin took are still beautiful from the first day until today, you talented person. I'm very proud of Jaemin. I hope that in the future I will be able to do a lot of things that I like and grow up happily, Jaemin. I will always be by your side NARCISSISM BY NA JAEMIN"
10,1.8161e+18,Wed Jul 24 13:08:36 +0000 2024,1801,Is it Nana as in narcissism I was always Nana Na Jaemin,1.8161e+18,en,9,1,585,https://x.com/seimeizu/status/1816098157820010514,1503820092.0,seimeizu,Is it Nana as in narcissism I was always Nana Na Jaemin
11,1.81594e+18,Wed Jul 24 02:55:27 +0000 2024,433,Snackpaper Jaemin Q A Full Trans If I could describe myself at this stage of my life with an adjective I think it would be The most shining moment,1.81594e+18,en,24,1,359,https://x.com/hueofserenity/status/1815943852236366250,540700934.0,hueofserenity,Snackpaper Jaemin Q A Full Trans If I could describe myself at this stage of my life with an adjective I think it would be The most shining moment
12,1.81614e+18,Wed Jul 24 15:56:32 +0000 2024,10,üáÆüá© INA G O nct dream jaemin itzavibe narcissism e hibition goods 260k 1140k jakarta j t shopee bca dana jenius mandiri qris incl packing fee close july 27th @ 4pm est ems ta dp pricelist details how to order ‚¨á,1.81614e+18,en,2,1,1,https://x.com/dalbitdotco/status/1816140416649158974,1.17864e+18,dalbitdotco,üáÆüá© INA G O nct dream jaemin itzavibe narcissism e hibition goods 260k 1140k jakarta j t shopee bca dana jenius mandiri qris incl packing fee close july 27th @ 4pm est ems ta dp pricelist details how to order ‚¨á
13,1.81606e+18,Wed Jul 24 10:32:57 +0000 2024,13,Rt ‡∏™‡∏∏‡πà‡∏°‡πÅ‡∏à‡∏Å 1 ‡πÄ‡∏•‡πà‡∏° Preorder ‡∏£‡∏≠‡∏ö event narcissism magazine ver 583‡∏ø ‡πÄ‡∏Å‡πá‡∏ö‡∏£‡∏≠‡∏ö‡πÄ‡∏î‡∏µ‡∏¢‡∏ß ‡∏™‡πà‡∏á‡∏ü‡∏£‡∏µ ‡∏°‡∏±‡∏î‡∏à‡∏≥ 300 ‡∏ô‡∏±‡∏î‡∏£‡∏±‡∏ö ‡∏õ‡∏ì ‡∏™‡∏ô‡πÉ‡∏à‡∏™‡∏±‡πà‡∏á‡∏ã‡∏∑‡πâ‡∏≠‡∏ó‡∏≤‡∏á dm‡∏Ñ‡πà‡∏∞ ‡∏™‡∏¥‡∏ô‡∏Ñ‡πâ‡∏≤‡πÄ‡∏õ‡πá‡∏ô‡∏û‡∏£‡∏µ‡∏≠‡∏≠‡πÄ‡∏î‡∏≠‡∏£‡πå‡∏ô‡∏∞‡∏Ñ‡∏∞ ‡πÑ‡∏î‡πâ‡∏Ç‡∏≠‡∏á‡∏ä‡πà‡∏ß‡∏á‡πÄ‡∏î‡∏∑‡∏≠‡∏ô 11,1.81606e+18,th,1,0,106,https://x.com/myppyr/status/1816058986954907926,1.57737e+18,myppyr,Rt randomly gives away 1 book. Preorder around the event narcissism magazine ver 583‡∏ø. Collect one round. Free shipping. Deposit 300. Make an appointment to pick up at the post office. Interested in ordering via dm? The product is a pre-order. Got the item during the 11th month.
14,1.81591e+18,Wed Jul 24 00:47:50 +0000 2024,40,Day 26 wow so gakkawo NARCISSISM BY NA JAEMIN,1.81591e+18,tl,0,6,55,https://x.com/jjineffable/status/1815911736165466541,1.04893e+18,jjineffable,Day 26 wow so gakkawo NARCISSISM BY NA JAEMIN
15,1.81605e+18,Wed Jul 24 09:37:58 +0000 2024,8,7DREAM LP POSTER SET,1.81605e+18,en,0,0,2,https://x.com/jaemjenjjwi/status/1816045146812866941,1.35553e+18,jaemjenjjwi,7DREAM LP POSTER SET
16,1.81591e+18,Wed Jul 24 00:26:39 +0000 2024,360,Snackpaper Jaemin Q A If the sharing cookies are magical what type of interesting magic do you believe will occur when you eat them I wish I could have the ability to communicate with cats,1.81591e+18,en,42,0,289,https://x.com/hueofserenity/status/1815906406249423278,540700934.0,hueofserenity,Snackpaper Jaemin Q A If the sharing cookies are magical what type of interesting magic do you believe will occur when you eat them I wish I could have the ability to communicate with cats
17,1.81594e+18,Wed Jul 24 02:42:30 +0000 2024,390,‡∏ß‡∏¥‡∏ò‡∏µ‡∏ó‡∏µ‡πà‡∏à‡∏∞‡∏ó‡∏≥‡πÉ‡∏´‡πâ‡πÅ‡∏°‡∏ß‡∏ï‡∏±‡∏ß‡∏ô‡∏µ‡πâ‡∏´‡∏≤‡∏¢‡∏á‡∏≠‡∏ô ‡∏Ç‡πâ‡∏≠‡∏ó‡∏µ‡πà 1 ‡∏£‡∏µ‡∏ó‡∏ß‡∏¥‡∏ï ‡∏Ç‡πâ‡∏≠‡∏ó‡∏µ‡πà 2 ‡πÄ‡∏°‡∏ô‡∏ä‡∏±‡πà‡∏ô‡πÅ‡∏ó‡πá‡∏Å ‡∏Ç‡πâ‡∏≠‡∏ó‡∏µ‡πà 3 ‡∏ä‡∏°‡∏ß‡πà‡∏≤‡πÄ‡∏Ñ‡πâ‡∏≤‡πÄ‡∏Å‡πà‡∏á‡∏°‡∏≤‡∏Å NARCISSISM BY NA JAEMIN,1.81594e+18,th,2,238,1035,https://x.com/g_eneglaer/status/1815940592062587258,3325143385.0,g_eneglaer,Ways to make this cat stop being angry. Point 1. Retweet. Point 2. Comment tag. Point 3. Compliment that he is very talented. NARCISSISM BY NA JAEMIN
18,1.81609e+18,Wed Jul 24 12:23:44 +0000 2024,2,‡πÄ‡∏õ‡∏¥‡∏î‡∏´‡∏≤‡∏£ LP POSTER SET ‡πÅ‡∏Æ‡∏ä‡∏≤‡∏ô ‡∏ß‡πà‡∏≤‡∏á‡∏£‡∏π‡∏õ 1 5 ‡∏£‡∏π‡∏õ‡∏•‡∏∞ 110 ‡∏ã‡∏∑‡πâ‡∏≠‡∏ó‡∏±‡πâ‡∏á2‡∏£‡∏π‡∏õ‡πÅ‡∏ñ‡∏°‡πÄ‡∏ö‡∏≠‡∏£‡πå6 ‡∏Ñ‡πà‡∏≤‡∏™‡πà‡∏á‡πÄ‡∏´‡∏°‡∏≤ 50 ‡∏Ç‡∏≠‡∏á‡∏à‡∏∞‡∏°‡∏≤‡∏ñ‡∏∂‡∏á‡πÄ‡∏£‡∏≤26‡∏ô‡∏µ‡πâ‡∏Ñ‡πà‡∏∞ ‡πÅ‡∏Æ‡∏ä‡∏≤‡∏ô haechan,1.81609e+18,th,0,4,0,https://x.com/LTanyalak/status/1816086866783031600,3143237864.0,LTanyalak,"Open to divide LP POSTER SET Haechan, 1 picture available, 5 pictures for 110 each. Buy both pictures and get number 6 free. Shipping fee is 50 baht. Items will arrive on 26th. Haechan haechan"
19,1.8159e+18,Wed Jul 24 00:16:39 +0000 2024,0,‡∏≠‡∏µ‡∏Å‡πÑ‡∏°‡πà‡∏Å‡∏µ‡πà‡∏ß‡∏±‡∏ô ‡∏Å‡πá‡πÄ‡∏Ç‡πâ‡∏≤‡∏™‡∏π‡πà‡∏ä‡πà‡∏ß‡∏á‡∏™‡∏∏‡∏î‡∏ó‡πâ‡∏≤‡∏¢‡∏ô‡∏¥‡∏ó‡∏£‡∏£‡∏®‡∏Å‡∏≤‡∏•‡∏Ç‡∏≠‡∏á‡πÅ‡∏à‡∏°‡∏¥‡∏ô‡πÅ‡∏•‡πâ‡∏ß ‡∏Ç‡∏≠‡∏ö‡∏Ñ‡∏∏‡∏ì‡∏ó‡∏µ‡πà‡∏°‡∏≤‡∏Ç‡∏¢‡∏≤‡∏¢‡πÄ‡∏ß‡∏•‡∏≤‡πÄ‡∏û‡∏∑‡πà‡∏≠‡πÉ‡∏Ñ‡∏£‡∏´‡∏•‡∏≤‡∏¢‡∏Ñ‡∏ô‡∏ô‡∏∞‡∏Ñ‡∏∞ ‡πÅ‡∏ñ‡∏°‡∏¢‡∏±‡∏á‡∏°‡∏µ ‡∏£‡∏≠‡∏ö 2 ‡∏£‡∏ß‡∏°‡∏ñ‡∏∂‡∏á events ‡∏î‡πâ‡∏ß‡∏¢ ‡πÅ‡∏à‡∏°‡∏¥‡∏ô‡πÄ‡∏Å‡πà‡∏á‡∏°‡∏≤‡∏Å ‡πÜ ‡∏û‡∏ß‡∏Å‡πÄ‡∏£‡∏≤‡∏ô‡∏≤‡∏î‡∏∏‡πã‡∏á‡∏°‡∏≤‡∏ä‡πà‡∏ß‡∏¢‡∏Å‡∏±‡∏ô‡∏ï‡∏¥‡∏î ‡∏Å‡πà‡∏≠‡∏ô‡∏ô‡∏∞‡∏Ñ‡∏∞ NARCISSISM BY NA JAEMIN,1.8159e+18,th,0,0,0,https://x.com/f03p18/status/1815903886907228328,1.71535e+18,f03p18,"In just a few days, it will be the final part of Jaemin's exhibition. Thank you for extending the time for so many people. There is also round 2 and events. Jaemin is very talented. We Nadung came to help each other first. NARCISSISM BY NA JAEMIN"
20,1.8159e+18,Wed Jul 24 00:08:33 +0000 2024,2,Day26 ‡πÅ‡∏õ‡∏õ‡∏õ ‡πÅ‡∏•‡πâ‡∏ß ‡∏Ñ‡∏ô‡πÄ‡∏Å‡πà‡∏á‡∏Ç‡∏≠‡∏á‡∏û‡∏ß‡∏Å‡πÄ‡∏Ñ‡∏£ ‡∏ô‡∏≤‡∏ô‡∏∞‡∏î‡∏∏‡∏á‡∏á‡∏µ‡πà‡∏™‡πà‡∏á‡∏Å‡∏≥‡∏•‡∏±‡∏á‡πÉ‡∏à‡πÉ‡∏´‡πâ‡∏ô‡∏±‡∏ö‡∏ñ‡∏≠‡∏¢‡∏´‡∏•‡∏±‡∏á d 7 ‡∏á‡∏≤‡∏ô‡∏ô‡∏¥‡∏ó‡∏£‡∏£‡∏®‡∏Å‡∏≤‡∏£‡∏Ç‡∏≠‡∏á‡πÅ‡∏à‡∏°‡∏¥‡∏ô‡∏Ñ‡∏£‡∏±‡πâ‡∏á‡πÅ‡∏£‡∏Å‡∏à‡∏∞‡∏à‡∏ö‡πÅ‡∏•‡πâ‡∏ß ‡∏Ç‡∏≠‡πÉ‡∏´‡πâ‡∏°‡∏µ‡∏Ñ‡∏ô‡∏£‡∏±‡∏Å‡∏Ñ‡∏ô‡∏´‡∏•‡∏á‡∏≠‡∏µ‡∏Å‡πÄ‡∏¢‡∏≠‡∏∞ ‡πÄ‡∏≠‡∏™‡πÄ‡∏≠‡πâ‡∏°‡∏ó‡∏µ‡∏°4 ‡∏à‡∏á‡∏£‡∏±‡∏Å‡πÅ‡∏à‡∏°‡πÄ‡∏¢‡∏≠‡∏∞‡πÜ‡πÜ‡πÜ‡∏Ñ‡πä‡∏≤‡∏≤ NARCISSISM BY NA JAEMIN,1.8159e+18,th,0,0,10,https://x.com/NanaJMrabbit/status/1815901849729577389,1.42931e+18,NanaJMrabbit,"Day26 just now, the smart guy of the group Nana Dungee gives encouragement as countdown d 7 Jaemin's first exhibition is about to end. May there be many more lovers and lost people. SM Team 4, love Jam a lot. NARCISSISM BY NA JAEMIN"
21,1.81591e+18,Wed Jul 24 00:23:15 +0000 2024,287,Snackpaper Jaemin Q A One meaning of sharing cookies is to make a promise to the individual who breaks the cookie with you If you were given a sharing cookies right now who would you choose to break it with And what kind of promise would you like to make I want,1.81591e+18,en,36,0,224,https://x.com/hueofserenity/status/1815905549105651813,540700934.0,hueofserenity,Snackpaper Jaemin Q A One meaning of sharing cookies is to make a promise to the individual who breaks the cookie with you If you were given a sharing cookies right now who would you choose to break it with And what kind of promise would you like to make I want
22,1.8159e+18,Wed Jul 24 00:19:18 +0000 2024,440,Snackpaper Jaemin Q A How would you define your ideal future life My ideal life scenario is living peacefully and happily with my family This is my ultimate objective and the perfect life I pursue,1.8159e+18,en,66,1,245,https://x.com/hueofserenity/status/1815904554912715079,540700934.0,hueofserenity,Snackpaper Jaemin Q A How would you define your ideal future life My ideal life scenario is living peacefully and happily with my family This is my ultimate objective and the perfect life I pursue
23,1.81591e+18,Wed Jul 24 00:25:52 +0000 2024,15,too slow too fast ÏÜçÎèÑ control NARCISSISM BY NA JAEMIN,1.81591e+18,en,0,0,38,https://x.com/merrycadillac/status/1815906208819146777,8.66538e+17,merrycadillac,too slow too fast ÏÜçÎèÑ control NARCISSISM BY NA JAEMIN
24,1.8159e+18,Wed Jul 24 00:11:05 +0000 2024,359,26 days together with narcissism NARCISSISM BY NA JAEMIN,1.8159e+18,en,2,186,332,https://x.com/hourlyjaeminn/status/1815902489524474292,1.54612e+18,hourlyjaeminn,26 days together with narcissism NARCISSISM BY NA JAEMIN
25,1.8159e+18,Wed Jul 24 00:16:18 +0000 2024,0,Day26 NARCISSISM BY NA JAEMIN,1.8159e+18,tl,0,0,0,https://x.com/JunielDaniell/status/1815903801351758024,7.04953e+17,JunielDaniell,Day26 NARCISSISM BY NA JAEMIN
26,1.81591e+18,Wed Jul 24 00:25:33 +0000 2024,0,Day 26 with NARCISSISM NARCISSISM BY NA JAEMIN,1.81591e+18,en,0,6,1,https://x.com/813jminee/status/1815906129588961675,1.6628e+18,813jminee,Day 26 with NARCISSISM NARCISSISM BY NA JAEMIN
27,1.81591e+18,Wed Jul 24 00:24:47 +0000 2024,1,ÏóîÏãúÌã∞ ÎìúÎ¶º Ïû¨ÎØº ÎÇòÎ•¥ÏãúÏãúÏ¶ò Ï†ÑÏãúÌöå Ìã∞Ïºì ÏñëÎèÑ ‚≠ï SELL‚≠ï ÏòàÏä§24 Í∏ÄÎ°úÎ≤å Ìã∞Ïºì yes24 global ticket Í∞ÄÍ≤© ÏÇ¨ÏßÑÏ∞∏Í≥† ÏïÑÏòÆ Ïã§Ìå®Ïãú ÌôòÎ∂à ÏïÑÏòÆ ÏóÖÏ≤¥ ÏïåÏïÑÏò§ÏÖîÏïºÎèºÏöî ÏòàÏä§24 Í∏ÄÎ°úÎ≤å ÏòàÏÇ¨ wts nct dream jaemin narcissism sell eng ÏòàÎß§ 20 21 22 23 24 25 26 27 28 29 30 31,1.81591e+18,ko,0,0,0,https://x.com/kwangyyaaa_/status/1815905934906122511,1.61117e+18,kwangyyaaa_,NCT Dream Jaemin Narcissism Exhibition Ticket Transfer ‚≠ï SELL‚≠ï Yes24 Global Ticket Yes24 Global Ticket Price Refer to photo Refund in case of failure You need to know the company Yes24 Global Yesa wts nct dream jaemin narcissism sell eng Reservation 20 21 22 23 24 25 26 27 28 29 30 31
28,1.8159e+18,Wed Jul 24 00:00:12 +0000 2024,0,DAY 25 with NARCISSISM NARCISSISM BY NA JAEMIN,1.8159e+18,en,0,2,0,https://x.com/813nanaa/status/1815899748282589387,1.37762e+18,813nanaa,DAY 25 with NARCISSISM NARCISSISM BY NA JAEMIN
29,1.8159e+18,Wed Jul 24 00:15:26 +0000 2024,7,DAY 26 ‡∏ô‡∏¥‡∏ó‡∏£‡∏£‡∏®‡∏Å‡∏≤‡∏£‡∏ß‡∏±‡∏ô‡∏ó‡∏µ‡πà 26 ‡πÅ‡∏•‡πâ‡∏ß ‡∏Ç‡∏≠‡πÉ‡∏´‡πâ‡∏ó‡∏∏‡∏Å‡∏≠‡∏¢‡πà‡∏≤‡∏á‡∏£‡∏≤‡∏ö‡∏£‡∏∑‡πà‡∏ô‡∏ï‡∏•‡∏≠‡∏î‡∏ó‡∏±‡πâ‡∏á‡∏ß‡∏±‡∏ô have a good day NARCISSISM BY NA JAEMIN,1.8159e+18,und,0,6,27,https://x.com/beembaebae/status/1815903584015491187,1.68643e+18,beembaebae,DAY 26 The exhibition is on the 26th. May everything go smoothly throughout the day. Have a good day NARCISSISM BY NA JAEMIN
30,1.81591e+18,Wed Jul 24 00:22:39 +0000 2024,0,D26‡∏Ç‡∏≠‡πÉ‡∏´‡πâ‡πÄ‡∏õ‡πá‡∏ô‡∏ß‡∏±‡∏ô‡∏ó‡∏µ‡πà‡∏î‡∏µ‡∏ô‡πâ‡∏≤‡∏Ç‡∏≠‡∏á‡πÅ‡∏à‡∏°‡πÅ‡∏•‡∏∞‡∏Ç‡∏≠‡∏á‡∏ó‡∏∏‡∏Å‡∏Ñ‡∏ô‡∏ô‡∏∞‡∏Ñ‡πâ‡∏≤ love jae to the min and back NARCISSISM BY NA JAEMIN,1.81591e+18,und,0,0,0,https://x.com/pisahappybaby/status/1815905396676334014,1679962825.0,pisahappybaby,D26 May it be a good day for Uncle Jam and everyone. love jae to the min and back NARCISSISM BY NA JAEMIN
31,1.8159e+18,Wed Jul 24 00:20:18 +0000 2024,0,26 days together with narcissism NARCISSISM BY NA JAEMIN,1.8159e+18,en,0,4,0,https://x.com/skytreess_/status/1815904806789140635,1.69328e+18,skytreess_,26 days together with narcissism NARCISSISM BY NA JAEMIN
32,1.8159e+18,Wed Jul 24 00:06:16 +0000 2024,0,DAY 26 NARCISSISM BY NA JAEMIN,1.8159e+18,tl,0,0,0,https://x.com/pinkiijaem/status/1815901275378286947,1.42782e+18,pinkiijaem,DAY 26 NARCISSISM BY NA JAEMIN
33,1.8159e+18,Wed Jul 24 00:06:53 +0000 2024,0,DAY 25 with NARCISSISM NARCISSISM BY NA JAEMIN,1.8159e+18,en,0,2,0,https://x.com/jnyupies/status/1815901431632912704,1.59796e+18,jnyupies,DAY 25 with NARCISSISM NARCISSISM BY NA JAEMIN
34,1.8159e+18,Wed Jul 24 00:03:21 +0000 2024,4,Day 26 with NARCISSISM PHOTOGRAPHER JAEMIN 1ST EXHIBITION,1.8159e+18,en,0,7,0,https://x.com/thIsYelln/status/1815900539785470199,1.32137e+18,thIsYelln,Day 26 with NARCISSISM PHOTOGRAPHER JAEMIN 1ST EXHIBITION
35,1.8159e+18,Wed Jul 24 00:04:32 +0000 2024,0,ÀãÀè ‡ºªDAY 26‡º∫ ÀéÀä NARCISSISM BY NA JAEMIN,1.8159e+18,et,0,3,0,https://x.com/_dearbunny_/status/1815900837593637103,1.2559e+18,_dearbunny_,ÀãÀè ‡ºªDAY 26‡º∫ ÀéÀä NARCISSISM BY NA JAEMIN
36,1.81591e+18,Wed Jul 24 00:24:20 +0000 2024,0,DAY 26 with NARCISSISM PHOTOGRAPHER JAEMIN 1ST EXHIBITION,1.81591e+18,en,0,0,0,https://x.com/Yagami_Reni/status/1815905821374771485,363744858.0,Yagami_Reni,DAY 26 with NARCISSISM PHOTOGRAPHER JAEMIN 1ST EXHIBITION
37,1.8159e+18,Wed Jul 24 00:04:35 +0000 2024,0,OPEN PRE ORDER 2ND MD OFFICIAL NCT JAEMIN 1ST PHOTO EXHIBITON NARCISSISM [HANDCARRY] Cloud dreams string back 580k dp 450k est berat 150gr T shirt star cat saying i love me 675k dp 500k est berat 300gr Hoodie i love me 1 130 000 dp 800k est berat 860gr,1.8159e+18,en,0,1,1,https://x.com/aicecreamii/status/1815900852910956580,1.51117e+18,aicecreamii,OPEN PRE ORDER 2ND MD OFFICIAL NCT JAEMIN 1ST PHOTO EXHIBITON NARCISSISM [HANDCARRY] Cloud dreams string back 580k dp 450k est berat 150gr T shirt star cat saying i love me 675k dp 500k est berat 300gr Hoodie i love me 1 130 000 dp 800k est berat 860gr
38,1.81591e+18,Wed Jul 24 00:21:25 +0000 2024,1,‡∏ß‡∏±‡∏ô‡∏ô‡∏µ‡πâ‡∏Å‡πá‡∏Ç‡∏≠‡πÉ‡∏´‡πâ‡πÄ‡∏õ‡πá‡∏ô‡∏ß‡∏±‡∏ô‡∏ó‡∏µ‡πà‡∏î‡∏µ‡∏™‡∏≥‡∏´‡∏£‡∏±‡∏ö‡∏ó‡∏∏‡∏Å‡∏Ñ‡∏ô‡∏ô‡∏∞‡∏Ñ‡∏∞ ‡∏•‡∏∞‡∏Å‡πá‡∏Ñ‡∏∏‡∏ì‡∏ä‡πà‡∏≤‡∏á‡∏†‡∏≤‡∏û‡∏Ñ‡∏ô‡πÄ‡∏Å‡πà‡∏á‡∏Ç‡∏≠‡∏á‡πÄ‡∏£‡∏≤‡∏°‡∏µ‡∏Ñ‡∏ß‡∏≤‡∏°‡∏™‡∏∏‡∏Ç‡∏°‡∏≤‡∏Å ‡πÜ ‡∏ô‡πâ‡∏≤ NARCISSISM BY NA JAEMIN,1.81591e+18,th,0,1,1,https://x.com/khunfanJamJam/status/1815905089871306892,7.12469e+17,khunfanJamJam,"Today is a good day for everyone. And our talented photographer is very happy, NARCISSISM BY NA JAEMIN."
39,1.81697e+18,Fri Jul 26 22:57:41 +0000 2024,2178,D 1 ITZAVIBE meets JAEMIN of NCT for a special collaboration ITZAVIBE collaborates with JAEMIN of NCT for his debut photo e hibition NARCISSISM JAEMIN through which he reveals the past 7 years of observations and recordings since 2018 You should always put yourself,1.81697e+18,en,48,30,1406,https://x.com/ITZAVIBE_kr/status/1816971178927608143,1.56297e+18,ITZAVIBE_kr,D 1 ITZAVIBE meets JAEMIN of NCT for a special collaboration ITZAVIBE collaborates with JAEMIN of NCT for his debut photo e hibition NARCISSISM JAEMIN through which he reveals the past 7 years of observations and recordings since 2018 You should always put yourself
40,1.81676e+18,Fri Jul 26 09:17:29 +0000 2024,2473,nct 2nd event artist talk narcissism with jaemin diadain di SHILLA seoul hotel bintang 5 BUDGET GAK KALENG KALENG,1.81676e+18,in,114,84,387,https://x.com/nct_menfess/status/1816764769908719743,1.27501e+18,nct_menfess,nct 2nd event artist talk narcissism with jaemin held at SHILLA seoul 5 star hotel BUDGET CANNOT CANNED
41,1.81676e+18,Fri Jul 26 09:18:04 +0000 2024,2602,artist talk narcissism yg ke 2 sama jaemin nanti diadain di SHILLA SEOUL guys hotel bintang 5 KEREN BGT JAEMIN,1.81676e+18,in,204,93,607,https://x.com/NCTDreamINA/status/1816764917074256079,1.25546e+18,NCTDreamINA,The second Narcissism artist talk with Jaemin will be held at SHILLA SEOUL guys 5 star hotel SO COOL JAEMIN
42,1.81687e+18,Fri Jul 26 16:28:33 +0000 2024,1374,NARCISSISM BY NA JAEMIN,1.81687e+18,tl,1,0,534,https://x.com/01pdkj/status/1816873248732381545,1.4084e+18,01pdkj,NARCISSISM BY NA JAEMIN
43,1.81677e+18,Fri Jul 26 09:48:33 +0000 2024,113,‚äπ ‡≥É¬∞ ñ§ê special thanks to jaemin for the best photobook ever ñ§ê,1.81677e+18,en,2,23,17,https://x.com/samoyeddjn/status/1816772586015187360,1.44642e+18,samoyeddjn,‚äπ ‡≥É¬∞ ñ§ê special thanks to jaemin for the best photobook ever ñ§ê
44,1.81665e+18,Fri Jul 26 01:48:27 +0000 2024,594,28th day already let s continue to suprt narcissism by jaemin NARCISSISM BY NA JAEMIN,1.81665e+18,en,1,228,363,https://x.com/archivesnjm/status/1816651765141635280,1.45323e+18,archivesnjm,28th day already let s continue to suprt narcissism by jaemin NARCISSISM BY NA JAEMIN
45,1.81672e+18,Fri Jul 26 06:02:41 +0000 2024,0,DAY 28 NARCISSISM NARCISSISM BY NA JAEMIN,1.81672e+18,tl,0,0,0,https://x.com/usahananaa/status/1816715748179583403,1.29376e+18,usahananaa,DAY 28 NARCISSISM NARCISSISM BY NA JAEMIN
46,1.81664e+18,Fri Jul 26 00:59:26 +0000 2024,678,day 28 narcissism by photographer jaemin kajja NARCISSISM BY NA JAEMIN,1.81664e+18,et,2,140,322,https://x.com/jungshasa/status/1816639429806817719,1.30762e+18,jungshasa,day 28 narcissism by photographer jaemin kajja NARCISSISM BY NA JAEMIN
47,1.81685e+18,Fri Jul 26 15:08:58 +0000 2024,6,NARCISSISM Jaemin 1st photo e hibition,1.81685e+18,en,0,1,0,https://x.com/hyuneeeis/status/1816853224328167717,8.60762e+17,hyuneeeis,NARCISSISM Jaemin 1st photo exhibition
48,1.81668e+18,Fri Jul 26 03:54:09 +0000 2024,8,‡πÄ‡∏î‡∏µ‡πã‡∏¢‡∏ß‡∏ü‡πâ‡∏≤‡∏°‡∏≤‡∏õ‡∏•‡πà‡∏≠‡∏¢ NARCISSISM Photobook magazine ver ‡∏£‡∏≠‡∏ö event ‡∏ô‡πâ‡∏≤ ‡∏°‡∏µ 6 ‡πÄ‡∏•‡πà‡∏°‡πÄ‡∏ó‡πà‡∏≤‡∏ô‡∏±‡πâ‡∏ô ‡∏£‡∏≤‡∏Ñ‡∏≤ 550 ‡∏ö‡∏≤‡∏ó ‡∏Ñ‡πà‡∏≤‡∏™‡πà‡∏á‡πÄ‡∏Å‡πá‡∏ö‡∏ï‡∏≠‡∏ô‡∏Ç‡∏≠‡∏á‡∏ñ‡∏∂‡∏á‡πÑ‡∏ó‡∏¢ ‡∏™‡∏ô‡πÉ‡∏à‡∏õ‡∏±‡∏Å‡∏´‡∏°‡∏∏‡∏î‡πÑ‡∏ß‡πâ‡πÑ‡∏î‡πâ ‡πÄ‡∏¢‡πá‡∏ô‡πÜ ‡∏°‡∏≤‡∏•‡∏á‡∏ü‡∏≠‡∏£‡πå‡∏°‡∏Ñ‡πà‡∏≤,1.81668e+18,th,1,0,10,https://x.com/ffahjjh/status/1816683397697167625,352073461.0,ffahjjh,"Soon heaven will release NARCISSISM Photobook magazine ver around the event. There are only 6 volumes. Price 550 baht. Shipping fee is collected when it arrives in Thailand. If interested, you can pin it. Cool, come and post in the form."
49,1.8168e+18,Fri Jul 26 11:26:26 +0000 2024,15,,1.8168e+18,qme,0,0,3,https://x.com/mydearjaemin/status/1816797221284905340,1.40915e+18,mydearjaemin,
50,1.81698e+18,Fri Jul 26 23:38:10 +0000 2024,8,DAY 29 NARCISSISM NARCISSISM BY NA JAEMIN,1.81698e+18,tl,0,20,2,https://x.com/cloudiewaa_/status/1816981367512793194,1.60788e+18,cloudiewaa_,DAY 29 NARCISSISM NARCISSISM BY NA JAEMIN
51,1.8168e+18,Fri Jul 26 11:19:28 +0000 2024,4,SELL ALL 1 7 Í∞úÎ≥Ñ Íµ¨Îß§ Í∞ÄÎä• NCT ÏóîÏãúÌã∞ 127 ÏùºÏù¥Ïπ† ÎìúÎ¶º DREAM Ìè¨ÌÜ†Ïπ¥Îìú Ìè¨Ïπ¥ ÏñëÎèÑ ÍµêÌôò ÏÇêÍ∑∏Îçï walk ÎìúÎ¶ºÏáº dreamshow pc photocard mark jeno johnny renjun jisung haechan chenle fanmeeting narcissism jaemin photobook dcast crew ster smini jaehyum doyoung ÎßàÌÅ¨ Ìï¥Ï∞¨,1.8168e+18,ko,1,2,0,https://x.com/yangdoangel1004/status/1816795467306467503,1.48913e+18,yangdoangel1004,SELL ALL 1 7 Available for individual purchase NCT NCT 127 127 Dream DREAM photo card Poca transfer exchange squeak walk dream show dreamshow pc photocard mark jeno johnny renjun jisung haechan chenle fanmeeting narcissism jaemin photobook dcast crew ster smini jaehyum doyoung mark haechan
52,1.81668e+18,Fri Jul 26 03:49:11 +0000 2024,368,‡∏à‡∏£‡∏¥‡∏á‡πÜ‡∏™‡∏õ‡∏≠‡∏¢‡∏•‡πå‡∏ä‡∏∑‡πà‡∏≠‡∏á‡∏≤‡∏ô‡∏ï‡∏±‡πâ‡∏á‡πÅ‡∏ï‡πà‡πÄ‡∏î‡∏∑‡∏≠‡∏ô 3 ‡∏û‡∏π‡∏î‡∏Å‡∏±‡∏ô‡πÄ‡∏£‡∏∑‡πà‡∏≠‡∏á‡πÄ‡∏à‡πâ‡∏≤‡∏ï‡∏±‡∏ß‡∏ä‡∏≠‡∏ö‡∏ñ‡πà‡∏≤‡∏¢‡∏£‡∏π‡∏õ‡∏ï‡∏±‡∏ß‡πÄ‡∏≠‡∏á‡πÅ‡∏•‡πâ‡∏ß‡πÄ‡∏≠‡∏≤‡πÑ‡∏õ‡πÅ‡∏ï‡πà‡∏á‡πÑ‡∏õ‡∏ï‡∏∏‡πä‡∏á‡∏£‡∏π‡∏õ ‡πÄ‡∏õ‡πá‡∏ô‡∏Ñ‡∏ô‡∏£‡∏±‡∏Å‡∏ï‡∏±‡∏ß‡πÄ‡∏≠‡∏á‡∏°‡∏≤‡∏Å‡πÄ‡∏•‡∏¢‡∏™‡∏¥‡∏ô‡∏∞‡∏Ñ‡∏£‡∏±‡∏ö ‡πÄ‡∏õ‡πá‡∏ô Narcissism ‡∏Ñ‡∏£‡∏±‡∏ö ‡πÄ‡∏£‡∏¥‡πà‡∏î‡∏î‡∏î‡∏î‡∏î‡πÅ‡∏≠‡∏ö‡πÇ‡∏õ‡∏£‡πÇ‡∏°‡∏ó‡∏ä‡∏∑‡πà‡∏≠‡∏á‡∏≤‡∏ô‡∏ú‡πà‡∏≤‡∏ô‡∏ä‡πà‡∏≠‡∏á‡∏î‡∏±‡∏á ‡πÅ‡∏ï‡πà‡πÄ‡∏™‡πâ‡∏ô‡∏°‡∏±‡∏ô‡∏î‡∏±‡∏ô‡πÑ‡∏°‡πà‡πÄ‡∏≠‡∏∞‡πÉ‡∏à5555 NARCISSISM BY NA JAEMIN,1.81668e+18,th,0,13,1098,https://x.com/g_eneglaer/status/1816682150089130386,3325143385.0,g_eneglaer,Actually spoiling the name of the event from the 3rd month. Talk about the person who likes to take pictures of himself and then edit them to make pictures. I'm a person who loves myself very much. It's Narcissism. It's great. I secretly promote my work name through famous channels. But I don't care about the lines. Haha. NARCISSISM BY NA JAEMIN
53,1.81672e+18,Fri Jul 26 06:07:44 +0000 2024,0,Day 28 with NARCISSISM NARCISSISM BY NA JAEMIN,1.81672e+18,en,0,0,0,https://x.com/jaemeericano/status/1816717016788848758,1.08245e+18,jaemeericano,Day 28 with NARCISSISM NARCISSISM BY NA JAEMIN
54,1.81679e+18,Fri Jul 26 10:39:09 +0000 2024,2,wts lfb ph jaemin narcissism zip up hoodie set ‚Ç±4 300 dop prio payo | 1 month with dp can meetup on tds3 nct dream mark renjun jeno haechan jaemin chenle jisung,1.81679e+18,en,2,5,4,https://x.com/518drmies/status/1816785320366797058,1.32559e+18,518drmies,wts lfb ph jaemin narcissism zip up hoodie set ‚Ç±4 300 dop prio payo | 1 month with dp can meetup on tds3 nct dream mark renjun jeno haechan jaemin chenle jisung
55,1.81679e+18,Fri Jul 26 10:53:51 +0000 2024,10,Rt likes are appreciated OPEN PRE ORDER NA JAEMIN HAECHAN BIRTHDAY KIT by 26 july 11 aug 2024 Pelunasan via More detail didalam link Dp E wallet Bri Bca Medan Dek,1.81679e+18,en,1,2,8,https://x.com/svakuya/status/1816789021000876162,1319813354.0,svakuya,Rt likes are appreciated OPEN PRE ORDER NA JAEMIN HAECHAN BIRTHDAY KIT by 26 july 11 aug 2024 Pelunasan via More detail didalam link Dp E wallet Bri Bca Medan Dek
56,1.81683e+18,Fri Jul 26 13:27:14 +0000 2024,13,look at jaemin s back sture he s so good at this,1.81683e+18,en,1,0,3,https://x.com/theshims/status/1816827620908236856,183792283.0,theshims,look at jaemin s back sture he s so good at this
57,1.81667e+18,Fri Jul 26 03:16:05 +0000 2024,176,1 reply for day 28 3 ‡∏û‡∏¥‡πâ‡∏á‡∏Å‡∏µ‡πâ‡∏¢‡∏∑‡∏ô‡πÄ‡∏ó‡πà‡πÄ‡∏ó‡πà‡∏≤‡∏û‡∏µ‡πà‡πÅ‡∏à‡∏°‡∏¢‡∏±‡∏á‡∏Ñ‡∏∞ ‚Çç ‚Çé ‡∏°‡∏≤‡πÄ‡∏õ‡πá‡∏ô‡∏Å‡∏≥‡∏•‡∏±‡∏á‡πÉ‡∏à‡πÉ‡∏´‡πâ‡∏Ñ‡∏∏‡∏ì‡∏ä‡πà‡∏≤‡∏á‡∏†‡∏≤‡∏û‡πÅ‡∏à‡∏°‡∏¥‡∏ô‡∏Ñ‡∏ô‡πÄ‡∏Å‡πà‡∏á‡∏Å‡∏±‡∏ô‡∏≠‡∏µ‡∏Å‡∏ß‡∏±‡∏ô‡∏ô‡πâ‡∏≤ NARCISSISM BY NA JAEMIN,1.81667e+18,th,0,246,850,https://x.com/mcdtournesol/status/1816673818766983250,595455100.0,mcdtournesol,"1 reply for day 28 3 Pinky, still standing as cool as Pee Jam? ‚Çç ‚Çé Let's come and support the talented photographer Jaemin one more day, NARCISSISM BY NA JAEMIN."
58,1.81663e+18,Fri Jul 26 00:39:17 +0000 2024,1,freebies narcissism set nya cakep bangett thankyou ka for suprt jaemin and narcissism,1.81663e+18,en,0,1,1,https://x.com/najaeminisna/status/1816634360352899432,1.15344e+18,najaeminisna,freebies narcissism set nya cakep bangett thankyou ka for support jaemin and narcissism
59,1.81663e+18,Fri Jul 26 00:35:05 +0000 2024,0,day 28 NARCISSISM BY NA JAEMIN,1.81663e+18,tl,0,0,0,https://x.com/najaeminisna/status/1816633303216374259,1.15344e+18,najaeminisna,day 28 NARCISSISM BY NA JAEMIN
60,1.81663e+18,Fri Jul 26 00:03:01 +0000 2024,0,PHOTOGRAPHER JAEMIN 1ST EXHIBITION,1.81663e+18,en,0,0,0,https://x.com/138MHz/status/1816625231806841326,1.48837e+18,138MHz,PHOTOGRAPHER JAEMIN 1ST EXHIBITION
61,1.81663e+18,Fri Jul 26 00:26:10 +0000 2024,440,Day 28 with NARCISSISM NARCISSISM BY NA JAEMIN,1.81663e+18,en,0,198,320,https://x.com/hourlyjaeminn/status/1816631059519582462,1.54612e+18,hourlyjaeminn,Day 28 with NARCISSISM NARCISSISM BY NA JAEMIN
62,1.81663e+18,Fri Jul 26 00:34:35 +0000 2024,0,‡∏õ‡∏•‡πà‡∏≠‡∏¢‡∏ö‡∏±‡∏ï‡∏£‡∏ô‡∏¥‡∏ó‡∏£‡∏£‡∏®‡∏Å‡∏≤‡∏£‡πÉ‡∏±‡∏ô‡∏ó‡∏µ‡πà 28 7 ‡∏£‡∏≠‡∏ö 12 00 ‡∏Ñ‡πà‡∏∞ ‡∏õ‡∏•‡πà‡∏≠‡∏¢‡πÄ‡∏û‡∏£‡∏≤‡∏∞‡πÑ‡∏°‡πà‡πÑ‡∏î‡πâ‡∏ö‡∏¥‡∏ô‡πÅ‡∏•‡πâ‡∏ß ‡∏ä‡πà‡∏ß‡∏¢‡∏´‡∏≤‡∏£‡πâ‡∏≤‡∏ô‡∏ó‡∏£‡∏≤‡∏ô‡πÉ‡∏´‡πâ dm‡∏™‡∏≠‡∏ö‡∏ñ‡∏≤‡∏°‡πÑ‡∏î‡πâ‡∏Ñ‡πà‡∏∞,1.81663e+18,th,0,0,0,https://x.com/jnreview/status/1816633176636424585,1.11481e+18,jnreview,Exhibition tickets will be released on the 28th 7 rounds at 12 00. Released because I am no longer flying. Please help me find a Tran store. You can inquire via dm.
63,1.81663e+18,Fri Jul 26 00:39:25 +0000 2024,11,D 28 ‡∏™‡∏ß‡∏±‡∏™‡∏î‡∏µ‡πÄ‡∏ä‡πâ‡∏≤‡∏ß‡∏±‡∏ô‡∏®‡∏∏‡∏Å‡∏£‡πå‡∏Ñ‡πà‡∏∞ NARCISSISM BY NA JAEMIN,1.81663e+18,und,0,2,30,https://x.com/sunflower_njm/status/1816634393009811807,8.9414e+17,sunflower_njm,D 28 Good Friday morning NARCISSISM BY NA JAEMIN
64,1.81662e+18,Fri Jul 26 00:01:37 +0000 2024,215,28 days with NARCISSISM RT REPLY WITH NARCISSISM BY NA JAEMIN,1.81662e+18,en,0,90,109,https://x.com/NJM_File/status/1816624879648801090,1.55164e+18,NJM_File,28 days with NARCISSISM RT REPLY WITH NARCISSISM BY NA JAEMIN
65,1.81663e+18,Fri Jul 26 00:33:05 +0000 2024,0,D 28 NARCISSISM BY NA JAEMIN,1.81663e+18,tl,0,0,4,https://x.com/jamna138/status/1816632799748850023,1.65741e+18,jamna138,D 28 NARCISSISM BY NA JAEMIN
66,1.81664e+18,Fri Jul 26 00:47:38 +0000 2024,112,day 28 with NARCISSISM BY NA JAEMIN 1 mention for jaemin,1.81664e+18,en,0,125,290,https://x.com/thereisjaemin/status/1816636463230124400,1.17487e+18,thereisjaemin,day 28 with NARCISSISM BY NA JAEMIN 1 mention for jaemin
67,1.81664e+18,Fri Jul 26 00:42:35 +0000 2024,0,28 days with narcissism NARCISSISM BY NA JAEMIN,1.81664e+18,en,0,1,0,https://x.com/happyvibeee/status/1816635191815033031,1023149071.0,happyvibeee,28 days with narcissism NARCISSISM BY NA JAEMIN
68,1.81663e+18,Fri Jul 26 00:28:48 +0000 2024,15,Day28 ‡∏ß‡∏±‡∏ô‡∏®‡∏∏‡∏Å‡∏£‡πå‡πÅ‡∏•‡πâ‡∏ß‡∏Ñ‡∏∏‡∏ì‡∏ä‡πà‡∏≤‡∏á‡∏†‡∏≤‡∏û‡∏Ñ‡∏ô‡πÄ‡∏Å‡πà‡∏á ‡∏°‡∏≤‡∏ô‡∏±‡∏ö‡∏ñ‡∏≠‡∏¢‡∏´‡∏•‡∏±‡∏á‡πÅ‡∏•‡πâ‡∏ß ‡∏Ç‡∏≠‡πÉ‡∏´‡πâ‡∏á‡∏≤‡∏ô‡∏£‡∏≤‡∏ö‡∏£‡∏∑‡πà‡∏ô‡∏°‡∏µ‡∏Ñ‡∏ô‡∏£‡∏±‡∏Å‡∏Ñ‡∏ô‡∏ä‡∏≠‡∏ö‡πÄ‡∏¢‡∏≠‡∏∞‡πÜ ‡∏Ç‡∏≠‡πÉ‡∏´‡πâ‡∏õ‡∏±‡∏á‡πÜ‡πÜ ‡∏°‡∏µ‡πÇ‡∏≠‡∏Å‡∏≤‡∏™‡∏≠‡∏µ‡∏Å‡πÄ‡∏¢‡∏≠‡∏∞‡πÜ ‡∏û‡∏ß‡∏Å‡πÄ‡∏£‡∏≤‡∏†‡∏π‡∏°‡∏¥‡πÉ‡∏à‡πÉ‡∏ô‡∏ï‡∏±‡∏ß‡πÅ‡∏à‡∏°‡∏¥‡∏ô‡∏ô‡∏∞ ‡∏£‡πâ‡∏≤‡∏Å‡πÅ‡∏Å NARCISSISM BY NA JAEMIN,1.81663e+18,th,0,4,44,https://x.com/NanaJMrabbit/status/1816631723448484094,1.42931e+18,NanaJMrabbit,"Day28 It's Friday, you talented photographer. The countdown has come. May your work go smoothly and have many people who love and like you. May you be successful and have many more opportunities. We are proud of Jaemin. I love you. NARCISSISM BY NA JAEMIN."
69,1.81663e+18,Fri Jul 26 00:22:13 +0000 2024,7,DAY 28 ‡∏ß‡∏±‡∏ô‡∏®‡∏∏‡∏Å‡∏£‡πå‡πÅ‡∏´‡πà‡∏á‡∏ä‡∏≤‡∏ï‡∏¥ ‡∏Ç‡∏≠‡πÉ‡∏´‡πâ‡∏ó‡∏∏‡∏Å‡∏Ñ‡∏ô‡∏°‡∏µ‡∏ß‡∏±‡∏ô‡∏ó‡∏µ‡πà‡∏£‡∏≤‡∏ö‡∏£‡∏∑‡πà‡∏ô have a good day NARCISSISM BY NA JAEMIN,1.81663e+18,und,0,2,18,https://x.com/beembaebae/status/1816630065150722400,1.68643e+18,beembaebae,DAY 28 National Friday May everyone have a smooth day. Have a good day NARCISSISM BY NA JAEMIN
70,1.81663e+18,Fri Jul 26 00:10:12 +0000 2024,20,‡∏ô‡∏¥‡∏ó‡∏£‡∏£‡∏®‡∏Å‡∏≤‡∏£‡∏ß‡∏±‡∏ô‡∏ó‡∏µ‡πà 28 ‡∏Ç‡∏≠‡πÉ‡∏´‡πâ‡πÄ‡∏õ‡πá‡∏ô‡∏ß‡∏±‡∏ô‡∏ó‡∏µ‡πà‡∏ó‡∏∏‡∏Å‡∏≠‡∏¢‡πà‡∏≤‡∏á‡∏£‡∏≤‡∏ö‡∏£‡∏∑‡πà‡∏ô‡πÜ ‡πÑ‡∏î‡πâ‡∏£‡∏±‡∏ö‡∏Ñ‡∏ß‡∏≤‡∏°‡∏£‡∏±‡∏Å‡∏ó‡∏µ‡πà‡∏î‡∏µ‡πÄ‡∏¢‡∏≠‡∏∞‡πÜ ‡πÄ‡∏•‡∏¢‡∏ô‡∏∞‡∏Ñ‡∏±‡∏ö NARCISSISM BY NA JAEMIN,1.81663e+18,th,0,6,49,https://x.com/ykjamseul/status/1816627041619574976,1.10619e+18,ykjamseul,Exhibition on the 28th. May everything go smoothly. Receive a lot of good love. NARCISSISM BY NA JAEMIN
71,1.81664e+18,Fri Jul 26 00:57:03 +0000 2024,1,Day 28 Narcissism NARCISSISM BY NA JAEMIN,1.81664e+18,tl,0,3,0,https://x.com/ABLinenahyuck/status/1816638829673271492,1.27497e+18,ABLinenahyuck,Day 28 Narcissism NARCISSISM BY NA JAEMIN
72,1.81663e+18,Fri Jul 26 00:18:06 +0000 2024,0,DAY 28 WITH NARCISSISM NARCISSISM BY NA JAEMIN,1.81663e+18,en,0,1,0,https://x.com/reneeraise/status/1816629027249226153,2833707925.0,reneeraise,DAY 28 WITH NARCISSISM NARCISSISM BY NA JAEMIN
73,1.81664e+18,Fri Jul 26 00:54:28 +0000 2024,3,day28 ‡∏ß‡∏±‡∏ô‡∏ô‡∏µ‡πâ‡∏Ç‡∏≠‡πÉ‡∏´‡πâ‡∏ö‡∏≠‡∏™‡∏ô‡∏≤‡∏¢‡∏¥‡πâ‡∏° ‡∏´‡∏±‡∏ß‡πÄ‡∏£‡∏≤‡∏∞‡∏°‡∏≤‡∏Å‡∏Å‡∏ß‡πà‡∏≤‡∏ó‡∏µ‡πà‡πÄ‡∏Ñ‡∏¢ ‡πÄ‡∏õ‡πá‡∏ô‡∏ß‡∏±‡∏ô‡∏ó‡∏µ‡πà‡∏î‡∏µ‡∏ó‡∏∏‡∏Å‡∏™‡∏¥‡πà‡∏á‡∏ó‡∏∏‡∏Å‡∏≠‡∏¢‡πà‡∏≤‡∏á‡∏£‡∏≤‡∏ö‡∏£‡∏∑‡πà‡∏ô ‡πÅ‡∏•‡∏∞‡∏Ç‡∏≠‡πÉ‡∏´‡πâ‡∏ö‡∏≠‡∏™‡∏ô‡∏≤‡∏™‡∏î‡πÉ‡∏™‡πÅ‡∏ö‡∏ö‡∏ô‡∏µ‡πâ‡πÉ‡∏ô‡∏ó‡∏∏‡∏Å‡πÜ‡∏ß‡∏±‡∏ô‡∏ô‡πâ‡∏≤‡∏Ñ‡∏ô‡πÄ‡∏Å‡πà‡∏á‡∏á NARCISSISM BY NA JAEMIN,1.81664e+18,th,0,0,3,https://x.com/swicebear_/status/1816638183003898207,1.15176e+18,swicebear_,"day28 Today, I want Boss Na to smile. Laugh more than ever It was a good day, everything went smoothly. And I hope Boss Na will be bright like this every day. NARCISSISM BY NA JAEMIN"
74,1.81663e+18,Fri Jul 26 00:20:49 +0000 2024,15,day 28 good morning jaemin NARCISSISM BY NA JAEMIN,1.81663e+18,en,0,5,29,https://x.com/babynanameow_/status/1816629713332482237,1.73492e+18,babynanameow_,day 28 good morning jaemin NARCISSISM BY NA JAEMIN
75,1.81663e+18,Fri Jul 26 00:27:48 +0000 2024,0,DAY 28 with NARCISSISM NARCISSISM BY NA JAEMIN,1.81663e+18,en,0,1,0,https://x.com/813nanaa/status/1816631468506136696,1.37762e+18,813nanaa,DAY 28 with NARCISSISM NARCISSISM BY NA JAEMIN
76,1.81663e+18,Fri Jul 26 00:40:22 +0000 2024,0,Day 28 NARCISSISM JAEMIN PHOTOGRAPHER DEBUT,1.81663e+18,en,0,0,0,https://x.com/baenachii/status/1816634633095905784,1.52982e+18,baenachii,Day 28 NARCISSISM JAEMIN PHOTOGRAPHER DEBUT
77,1.81663e+18,Fri Jul 26 00:15:39 +0000 2024,1,Day 28 NARCISSISM NARCISSISM BY NA JAEMIN,1.81663e+18,tl,0,7,0,https://x.com/sslm_na13/status/1816628411449901407,1.4474e+18,sslm_na13,Day 28 NARCISSISM NARCISSISM BY NA JAEMIN
78,1.81662e+18,Fri Jul 26 00:00:00 +0000 2024,5,‡∏™‡∏ß‡∏±‡∏™‡∏î‡∏µ‡∏ô‡∏¥‡∏ó‡∏£‡∏£‡∏®‡∏Å‡∏≤‡∏£‡∏ß‡∏±‡∏ô‡∏ó‡∏µ‡πà 28 ‡∏Ñ‡πà‡∏∞ ‡∏≠‡∏µ‡∏Å‡πÅ‡∏Ñ‡πà‡πÑ‡∏°‡πà‡∏Å‡∏µ‡πà‡∏ß‡∏±‡∏ô‡∏ô‡∏¥‡∏ó‡∏£‡∏£‡∏®‡∏Å‡∏≤‡∏£‡∏Å‡πá‡∏à‡∏∞‡∏à‡∏ö‡πÅ‡∏•‡πâ‡∏ß‡∏Ñ‡πà‡∏∞ ‡πÄ‡∏ß‡∏•‡∏≤‡∏ú‡πà‡∏≤‡∏ô‡πÑ‡∏õ‡πÑ‡∏ß‡∏°‡∏≤‡∏Å‡πÜ‡πÄ‡∏•‡∏¢„Öú„Öú ‡πÑ‡∏°‡πà‡∏ß‡πà‡∏≤‡∏¢‡∏±‡∏á‡∏á‡∏±‡∏¢‡∏Ç‡∏≠‡πÉ‡∏´‡πâ‡∏ß‡∏±‡∏ô‡∏ô‡∏µ‡πâ‡πÄ‡∏õ‡πá‡∏ô‡∏ó‡∏µ‡πà‡∏î‡∏µ‡∏Ç‡∏≠‡∏á‡πÅ‡∏à‡∏°‡∏¥‡∏ô‡πÅ‡∏•‡∏∞‡∏ó‡∏∏‡∏Å‡∏Ñ‡∏ô‡∏ô‡∏∞‡∏Ñ‡∏∞ ‡∏≠‡∏¢‡πà‡∏≤‡∏•‡∏∑‡∏°‡∏ó‡∏≤‡∏ô‡∏Ç‡πâ‡∏≤‡∏ß‡∏ô‡∏±‡∏≤ ‡∏°‡∏≤‡∏ö‡∏∏‡∏™‡∏ö‡∏∏‡∏™‡∏™‡πà‡∏á‡∏Ñ‡∏ß‡∏≤‡∏°‡∏£‡∏±‡∏Å‡πÉ‡∏´‡πâ‡πÅ‡∏à‡∏°‡∏¥‡∏ô‡∏Å‡∏±‡∏ô‡∏Ñ‡πà‡∏∞ NARCISSISM BY NA JAEMIN,1.81662e+18,th,0,3,16,https://x.com/twyu__/status/1816624473438593203,1.25408e+18,twyu__,"Hello exhibition day 28. Just a few more days and the exhibition will be over. Time has passed so quickly„Öú„Öú No matter what, I hope today is good for Jaemin and everyone. Don't forget to eat. Let's come busbus and send love to Jaemin. NARCISSISM BY NA JAEMIN"
79,1.81736e+18,Sun Jul 28 00:36:38 +0000 2024,721,drop for jaemin day 30 narcissism NARCISSISM BY NA JAEMIN,1.81736e+18,en,2,263,438,https://x.com/jungshasa/status/1817358468166398038,1.30762e+18,jungshasa,drop for jaemin day 30 narcissism NARCISSISM BY NA JAEMIN
80,1.81739e+18,Sun Jul 28 03:00:08 +0000 2024,600,[] Today marks the 30th day of NARCISSISM JAEMIN 1st PHOTO EXHIBITION RT REPLY ‚Äº NARCISSISM BY NA JAEMIN,1.81739e+18,en,3,172,573,https://x.com/813UPDATES/status/1817394581530660948,8.46968e+17,813UPDATES,[] Today marks the 30th day of NARCISSISM JAEMIN 1st PHOTO EXHIBITION RT REPLY ‚Äº NARCISSISM BY NA JAEMIN
81,1.81742e+18,Sun Jul 28 04:54:41 +0000 2024,348,NARCISSISM JAEMIN 1st PHOTO EXHIBITION,1.81742e+18,en,0,0,207,https://x.com/8NAJAEM1N3/status/1817423407270744202,1.39188e+18,8NAJAEM1N3,NARCISSISM JAEMIN 1st PHOTO EXHIBITION
82,1.81735e+18,Sun Jul 28 00:15:44 +0000 2024,309,a thread of the very adorable markhyuck moments we got thanks to jaemin s narcissism e hibition,1.81735e+18,en,0,1,101,https://x.com/markyourhaert/status/1817353209272488061,1.72032e+18,markyourhaert,a thread of the very adorable markhyuck moments we got thanks to jaemin s narcissism e hibition
83,1.81768e+18,Sun Jul 28 21:59:36 +0000 2024,301,WE LOVE YOU NA JAEMIN WE LOVE YOU NA JAEMIN WE LOVE YOU NA JAEMIN WE LOVE YOU NA JAEMIN WE LOVE YOU NA JAEMIN WE LOVE YOU NA JAEMIN WE LOVE YOU NA JAEMIN WE LOVE YOU NA JAEMIN WE LOVE YOU NA JAEMIN WE LOVE YOU NA JAEMIN,1.81768e+18,en,1,12,57,https://x.com/RiskadwiR56527/status/1817681337538781365,1.70555e+18,RiskadwiR56527,WE LOVE YOU NA JAEMIN WE LOVE YOU NA JAEMIN WE LOVE YOU NA JAEMIN WE LOVE YOU NA JAEMIN WE LOVE YOU NA JAEMIN WE LOVE YOU NA JAEMIN WE LOVE YOU NA JAEMIN WE LOVE YOU NA JAEMIN WE LOVE YOU NA JAEMIN WE LOVE YOU NA JAEMIN
84,1.81739e+18,Sun Jul 28 02:23:36 +0000 2024,336,A MONTHVERSARY OF NARCISSISM NARCISSISM BY NA JAEMIN,1.81739e+18,en,1,88,228,https://x.com/seimeizu/status/1817385389772189959,1503820092.0,seimeizu,A MONTHVERSARY OF NARCISSISM NARCISSISM BY NA JAEMIN
85,1.81757e+18,Sun Jul 28 14:52:10 +0000 2024,62,Terima kasih sudah jajan komis disini ya,1.81757e+18,in,2,1,41,https://x.com/Artatih_/status/1817573772360298808,1.33337e+18,Artatih_,Thank you for snacking on commis here
86,1.81755e+18,Sun Jul 28 13:00:58 +0000 2024,24,Finally i uploaded this video This a short tour inside PB Narcissism Magazine ver from Jaemin E hibition So beautiful,1.81755e+18,en,0,2,1,https://x.com/MissPark275/status/1817545785606856846,1.55232e+18,MissPark275,Finally i uploaded this video This a short tour inside PB Narcissism Magazine ver from Jaemin E hibition So beautiful
87,1.81758e+18,Sun Jul 28 15:33:36 +0000 2024,2,NARCISSISM PHOTO EXHIBIT BY JAEMIN im just so happy that i managed to squeezed in this visit despite having a hectic sched everything was worth it,1.81758e+18,en,0,1,0,https://x.com/yellowcaardd/status/1817584195876843978,1.38298e+18,yellowcaardd,NARCISSISM PHOTO EXHIBIT BY JAEMIN im just so happy that i managed to squeezed in this visit despite having a hectic sched everything was worth it
88,1.8175e+18,Sun Jul 28 09:52:13 +0000 2024,0,want to sell wts na jaemin narcissism 330k lp ster mark haechan jeno 90k card cover jeno jaemin take all 170k ‚óá e clude adm 9 link co semarang ina wts lfb nct dream lp ster card cover narcissism merchandise,1.8175e+18,en,1,1,0,https://x.com/_orenjiii/status/1817498284019327119,1.44277e+18,_orenjiii,want to sell wts na jaemin narcissism 330k lp ster mark haechan jeno 90k card cover jeno jaemin take all 170k ‚óá e clude adm 9 link co semarang ina wts lfb nct dream lp ster card cover narcissism merchandise
89,1.8174e+18,Sun Jul 28 03:36:35 +0000 2024,3,udah yaa jangan oversharing NARCISSISM BY NA JAEMIN,1.8174e+18,in,0,0,3,https://x.com/ropirupi___/status/1817403755127828557,1.38868e+18,ropirupi___,"OK, don't overshare NARCISSISM BY NA JAEMIN"
90,1.81737e+18,Sun Jul 28 01:07:57 +0000 2024,1,DAY 30 NARCISSISM NARCISSISM BY NA JAEMIN,1.81737e+18,tl,0,0,0,https://x.com/usahananaa/status/1817366351054565841,1.29376e+18,usahananaa,DAY 30 NARCISSISM NARCISSISM BY NA JAEMIN
91,1.81759e+18,Sun Jul 28 16:06:50 +0000 2024,431,dri kmren di hantam sana sini pertanda jaemin cb actor jaemin magazine jaemin solo semakin di depan ‚Äç,1.81759e+18,in,1,5,116,https://x.com/najee813/status/1817592561265197473,1.79041e+18,najee813,from kmren being hit here and there is a sign that jaemin cb actor jaemin magazine jaemin solo is getting ahead ‚Äç
92,1.81743e+18,Sun Jul 28 05:21:56 +0000 2024,107,7ÏõîÏùò ÎßàÏßÄÎßâ Ï£ºÎßêÏóêÎèÑ,1.81743e+18,ko,0,0,49,https://x.com/narshmallow813/status/1817430265104670817,1.11333e+18,narshmallow813,Even on the last weekend of July
93,1.8176e+18,Sun Jul 28 16:28:10 +0000 2024,0,¬®¬∑ ¬∑¬® `¬∑ …¥·¥Ä Ä·¥Ñ…™ss…™s·¥ç ¬∞ Ôæü,1.8176e+18,und,0,0,2,https://x.com/na_jaemin0813b/status/1817597931043860768,1.69694e+18,na_jaemin0813b,¬®¬∑ ¬∑¬® `¬∑ …¥·¥Ä Ä·¥Ñ…™ss…™s·¥ç ¬∞ Ôæü
94,1.81738e+18,Sun Jul 28 02:09:58 +0000 2024,1,‡πÅ‡∏à‡∏°‡∏¥‡∏ô‡∏Ñ‡∏∑‡∏≠‡∏Ñ‡∏ß‡∏≤‡∏°‡∏†‡∏≤‡∏Ñ‡∏†‡∏π‡∏°‡∏¥‡πÉ‡∏à‡∏Ç‡∏≠‡∏á‡∏ô‡∏≤‡∏ô‡∏∞‡∏î‡∏∏‡∏á‡∏á‡∏µ‡πà ‡∏ô‡∏≤‡∏ô‡∏∞‡∏ö‡∏≤‡∏£‡∏≤‡∏Å‡∏¥ NARCISSISM BY NA JAEMIN,1.81738e+18,th,0,0,2,https://x.com/jaocherx/status/1817381956331634807,1.07639e+18,jaocherx,Jaemin is the pride of Nana Dungee Nana Baraki NARCISSISM BY NA JAEMIN
95,1.81737e+18,Sun Jul 28 01:15:32 +0000 2024,296,NARCISSISM BY NA JAEMIN,1.81737e+18,tl,0,55,125,https://x.com/jjarchiv/status/1817368256300417128,8.45946e+17,jjarchiv,NARCISSISM BY NA JAEMIN
96,1.81735e+18,Sun Jul 28 00:13:53 +0000 2024,351,CRYING TODAY IS The thirtieth day with NARCISSISM NARCISSISM BY NA JAEMIN,1.81735e+18,en,1,93,236,https://x.com/NJM_File/status/1817352744325255331,1.55164e+18,NJM_File,CRYING TODAY IS The thirtieth day with NARCISSISM NARCISSISM BY NA JAEMIN
97,1.81748e+18,Sun Jul 28 08:52:00 +0000 2024,27,i am so honored to have witnessed your passion and hard work more than loving you i love myself for being so brave and go even against myself to be here sharing this moment with you JAEMIN PHOTOGRAPHER DEBUT,1.81748e+18,en,0,2,0,https://x.com/samokitties/status/1817483131009814829,34436276.0,samokitties,i am so honored to have witnessed your passion and hard work more than loving you i love myself for being so brave and go even against myself to be here sharing this moment with you JAEMIN PHOTOGRAPHER DEBUT
98,1.81824e+18,Tue Jul 30 11:03:27 +0000 2024,3746,NARCISSISM 1st PHOTO EXHIBITION Limited Edition Artwork will be on sale More info,1.81824e+18,en,1284,5,2437,https://x.com/NCTDREAMCENTER/status/1818240989888434552,9.56136e+17,NCTDREAMCENTER,NARCISSISM 1st PHOTO EXHIBITION Limited Edition Artwork will be on sale More info
99,1.81824e+18,Tue Jul 30 11:03:38 +0000 2024,1066,nct GUYSSS FRAME NARCISSISM YANG BAKAL DIJUAL HARGANYA 6 7 JUTAAN INI BAKAL DI DONASIIN SEMUA YAAAAH PROFITNYA DONASI DARI PEMBELI JAEMIN DREAMIES,1.81824e+18,in,85,58,158,https://x.com/nct_menfess/status/1818241032573854157,1.27501e+18,nct_menfess,nct GUYSSS THE NARCISSISM FRAME WHICH WILL BE SOLD FOR 6 7 MILLION WILL BE ALL DONATIONED YAAAAH PROFITS ARE DONATIONS FROM BUYERS JAEMIN DREAMIES
100,1.81811e+18,Tue Jul 30 02:28:33 +0000 2024,3225,narcissism is the best thing that ever happened to me as a nanadoongie i will forever be proud and happy for jaemin finally his dream came true WE LOVE YOU PHOTOGRAPHER JAEMIN,1.81811e+18,en,22,6,1301,https://x.com/jaeminners/status/1818111409026449867,1.31052e+18,jaeminners,narcissism is the best thing that ever happened to me as a nanadoongie i will forever be proud and happy for jaemin finally his dream came true WE LOVE YOU PHOTOGRAPHER JAEMIN
101,1.81826e+18,Tue Jul 30 12:24:58 +0000 2024,18,ÂÜôÁúüÂ±ï„Çπ„Éà„Éº„É™„Éº„Åß„ÄÅ„ÅÇ„Åæ„Çä„Å´„ÇÇ„Åã„Çè„ÅÑ„Åã„Å£„Åü„ÉÅ„Éß„É≥„É≠„Åæ„Å®„ÇÅ Áå´ËÄ≥„Éë„Éº„Ç´„Éº„ÉÅ„Éß„É≥„É≠ Ë±ö„ÅÆËÄ≥„Åø„Åü„ÅÑ Ë±ö„ÅÆËÄ≥ w „ÅÇ„Çâ„Çâ „Ç∏„Çß„Éü„É≥„Å´„Çà„Åó„Çà„Åó„Åï„Çå„ÇãÊãó„Å≠„ÉÅ„Éß„É≥„É≠,1.81826e+18,ja,0,1,1,https://x.com/4cfc8afb40a7be1/status/1818261500429205591,1.54126e+18,4cfc8afb40a7be1,"A summary of the cute Chonro in the photo exhibition story Cat ear hoodie Chonro Looks like a pig's ears Pig ears lol Oh my goodness, Jaemin's cute Chonro"
102,1.81825e+18,Tue Jul 30 11:53:02 +0000 2024,17,[rt like are very appreciate] FREEBIES ONLINE BIRTHDAY MARK JAEMIN How to claim Please read the rules on pict Link Preview rilpict nya cek distingan aku ini yaa,1.81825e+18,en,0,4,18,https://x.com/matchaaanana/status/1818253468181958844,1.78267e+18,matchaaanana,[rt like are very appreciate] FREEBIES ONLINE BIRTHDAY MARK JAEMIN How to claim Please read the rules on pict Link Preview rilpict nya cek distingan aku ini yaa
103,1.81824e+18,Tue Jul 30 11:01:24 +0000 2024,338,Narcissism artwork frame Thank you Jaemin,1.81824e+18,en,66,0,148,https://x.com/jenowley/status/1818240473951338973,1.34034e+18,jenowley,Narcissism artwork frame Thank you Jaemin
104,1.81818e+18,Tue Jul 30 06:51:27 +0000 2024,92,The amount of jeno photos in that tiny room NARCISSISM BY NA JAEMIN,1.81818e+18,en,0,0,9,https://x.com/bhabydoll14/status/1818177569398878504,30614830.0,bhabydoll14,The amount of jeno photos in that tiny room NARCISSISM BY NA JAEMIN
105,1.81808e+18,Tue Jul 30 00:09:40 +0000 2024,1308,DROP the tags nanadoongie NARCISSISM BY NA JAEMIN,1.81808e+18,tl,2,319,629,https://x.com/NJM_File/status/1818076456238403647,1.55164e+18,NJM_File,DROP the tags nanadoongie NARCISSISM BY NA JAEMIN
106,1.81831e+18,Tue Jul 30 15:20:32 +0000 2024,5,narcissism LPs mark and haechan through jaemin s lenses,1.81831e+18,en,0,0,1,https://x.com/lmrk0802/status/1818305684611666097,1.55048e+18,lmrk0802,narcissism LPs mark and haechan through jaemin s lenses
107,1.81811e+18,Tue Jul 30 02:34:53 +0000 2024,17,The photo at the e hibit are all beautiful and I have a few favorites It just sucks coz I can t take photos without glares lol But this is my top 4 NARCISSISM BY NA JAEMIN,1.81811e+18,en,0,1,4,https://x.com/bhabydoll14/status/1818113002723504128,30614830.0,bhabydoll14,The photo at the e hibit are all beautiful and I have a few favorites It just sucks coz I can t take photos without glares lol But this is my top 4 NARCISSISM BY NA JAEMIN
108,1.81823e+18,Tue Jul 30 10:17:05 +0000 2024,77,Photographer Jaemin thank you so much for sharing your youth filled with dream with us NARCISSISM BY NA JAEMIN,1.81823e+18,en,0,0,14,https://x.com/annyeongYunossi/status/1818229321284423784,1.37931e+18,annyeongYunossi,Photographer Jaemin thank you so much for sharing your youth filled with dream with us NARCISSISM BY NA JAEMIN
109,1.81809e+18,Tue Jul 30 01:05:29 +0000 2024,513,drop for day 32 narcissism by photographer jaemin NARCISSISM BY NA JAEMIN,1.81809e+18,en,3,194,329,https://x.com/jungshasa/status/1818090504359391356,1.30762e+18,jungshasa,drop for day 32 narcissism by photographer jaemin NARCISSISM BY NA JAEMIN
110,1.81831e+18,Tue Jul 30 15:39:27 +0000 2024,33,Secured all non sold out items for for those that are sold out i will issue a refund once im back to Malaysia,1.81831e+18,en,1,0,2,https://x.com/NANATlON/status/1818310444521853276,1.16024e+18,NANATlON,Secured all non sold out items for for those that are sold out i will issue a refund once im back to Malaysia
111,1.81824e+18,Tue Jul 30 11:15:53 +0000 2024,60,[] NARCISSISM JAEMIN 1st PHOTO EXHIBITION ARTWORK [Limited Edition] ONLINE SALES NOTICE,1.81824e+18,en,7,0,42,https://x.com/813UPDATES/status/1818244118197543123,8.46968e+17,813UPDATES,[] NARCISSISM JAEMIN 1st PHOTO EXHIBITION ARTWORK [Limited Edition] ONLINE SALES NOTICE
112,1.81808e+18,Tue Jul 30 00:25:06 +0000 2024,188,omg i m so emotional rn narcissism was one of the best things that ever happened to nanabaragis our boy is so talented and loved we re so proud of photographer na jaemin NARCISSISM BY NA JAEMIN,1.81808e+18,en,2,43,142,https://x.com/bypinkki/status/1818080343049773137,1.78769e+18,bypinkki,omg i m so emotional rn narcissism was one of the best things that ever happened to nanabaragis our boy is so talented and loved we re so proud of photographer na jaemin NARCISSISM BY NA JAEMIN
113,1.81811e+18,Tue Jul 30 02:16:59 +0000 2024,839,last day to use these tags let s boost it as much as ssible today NARCISSISM BY NA JAEMIN,1.81811e+18,en,10,270,411,https://x.com/jjarchiv/status/1818108498598875607,8.45946e+17,jjarchiv,last day to use these tags let s boost it as much as ssible today NARCISSISM BY NA JAEMIN
114,1.81824e+18,Tue Jul 30 11:08:34 +0000 2024,462,According to the artist s wishes 100 of the proceeds from the sale will be donated NARCISSISM BY NA JAEMIN,1.81824e+18,en,65,0,344,https://x.com/hourlyjaeminn/status/1818242276419846246,1.54612e+18,hourlyjaeminn,According to the artist s wishes 100 of the proceeds from the sale will be donated NARCISSISM BY NA JAEMIN
115,1.81813e+18,Tue Jul 30 03:33:54 +0000 2024,30,narcissism by photographer jaemin NARCISSISM BY NA JAEMIN,1.81813e+18,en,0,5,7,https://x.com/82venfairy/status/1818127854875631706,1.36518e+18,82venfairy,narcissism by photographer jaemin NARCISSISM BY NA JAEMIN
116,1.81825e+18,Tue Jul 30 11:35:28 +0000 2024,3,According to the artist s wishes 100 of the proceeds from the sale will be donated keren banget jaemin NARCISSISM BY NA JAEMIN,1.81825e+18,en,0,0,1,https://x.com/yongqinjm/status/1818249043593822653,1.56661e+18,yongqinjm,According to the artist s wishes 100 of the proceeds from the sale will be donated keren banget jaemin NARCISSISM BY NA JAEMIN
117,1.81807e+18,Tue Jul 30 00:03:01 +0000 2024,1098,Drop tags for narcissism before it ends NARCISSISM BY NA JAEMIN,1.81807e+18,en,22,486,753,https://x.com/hourlyjaeminn/status/1818074786658140527,1.54612e+18,hourlyjaeminn,Drop tags for narcissism before it ends NARCISSISM BY NA JAEMIN
118,1.81808e+18,Tue Jul 30 00:04:27 +0000 2024,29,Finally I m going to see Jaemin s e hibit I didn t think I d ever make it here but better late than never,1.81808e+18,en,0,1,0,https://x.com/bhabydoll14/status/1818075147062161863,30614830.0,bhabydoll14,Finally I m going to see Jaemin s e hibit I didn t think I d ever make it here but better late than never
119,1.81808e+18,Tue Jul 30 00:08:33 +0000 2024,0,NARCISSISM BY NA JAEMIN,1.81808e+18,tl,0,0,0,https://x.com/Yagami_Reni/status/1818076175954231451,363744858.0,Yagami_Reni,NARCISSISM BY NA JAEMIN
120,1.81808e+18,Tue Jul 30 00:09:07 +0000 2024,6,Day 32 NARCISSISM NARCISSISM BY NA JAEMIN,1.81808e+18,tl,0,16,1,https://x.com/Yunterm/status/1818076318254383176,1.23303e+18,Yunterm,Day 32 NARCISSISM NARCISSISM BY NA JAEMIN
121,1.81808e+18,Tue Jul 30 00:04:25 +0000 2024,1,NARCISSISM BY NA JAEMIN,1.81808e+18,tl,0,0,1,https://x.com/user13082000_/status/1818075136832242152,1.46808e+18,user13082000_,NARCISSISM BY NA JAEMIN
122,1.81807e+18,Tue Jul 30 00:04:09 +0000 2024,0,NARCISSISM BY NA JAEMIN,1.81808e+18,tl,0,0,0,https://x.com/user13082000_/status/1818075071057142160,1.46808e+18,user13082000_,NARCISSISM BY NA JAEMIN
123,1.81807e+18,Tue Jul 30 00:04:20 +0000 2024,0,NARCISSISM BY NA JAEMIN,1.81808e+18,tl,0,0,0,https://x.com/Sailorneww/status/1818075117517524999,473937879.0,Sailorneww,NARCISSISM BY NA JAEMIN
124,1.81807e+18,Tue Jul 30 00:00:10 +0000 2024,0,D 32 NARCISSISM BY NA JAEMIN,1.81807e+18,tl,0,0,0,https://x.com/jlynrj/status/1818074066542272684,1.43042e+18,jlynrj,D 32 NARCISSISM BY NA JAEMIN
128,1.81807e+18,Tue Jul 30 00:04:13 +0000 2024,0,NARCISSISM BY NA JAEMIN,1.81808e+18,tl,0,0,0,https://x.com/ffrongg_/status/1818075085485523352,1.25862e+18,ffrongg_,NARCISSISM BY NA JAEMIN
131,1.81808e+18,Tue Jul 30 00:04:55 +0000 2024,0,‡πÉ‡∏Å‡∏•‡πâ‡∏à‡∏∞‡∏à‡∏ö‡∏ô‡∏¥‡∏ó‡∏£‡∏£‡∏®‡∏Å‡∏≤‡∏£‡πÅ‡∏•‡πâ‡∏ß‡∏Ñ‡πâ‡∏≤‡∏ö‡∏ö‡∏ö ‡∏ï‡πâ‡∏≠‡∏á‡∏Ñ‡∏¥‡∏î‡∏ñ‡∏∂‡∏á‡∏°‡∏≤‡∏Å‡πÅ‡∏ô‡πà ‡πÜ ‡∏Ç‡∏≠‡πÉ‡∏´‡πâ‡∏£‡∏≤‡∏ö‡∏£‡∏∑‡πà‡∏ô‡∏ú‡πà‡∏≤‡∏ô‡πÑ‡∏õ‡πÑ‡∏î‡πâ‡∏î‡πâ‡∏ß‡∏¢‡∏î‡∏µ‡∏Ñ‡πâ‡∏≤‡∏ö‡∏ö NARCISSISM BY NA JAEMIN,1.81808e+18,th,0,0,0,https://x.com/Juvliae/status/1818075260652318896,1.70273e+18,Juvliae,It's almost the end of the exhibition. I will definitely miss you a lot. May it go smoothly. NARCISSISM BY NA JAEMIN
